date,symbol,open,high,low,close,volume
2021-01-01,0050,119.66,120.06,119.31,119.72,7265419
2021-01-04,0050,119.56,119.8,117.48,118.61,8308219
2021-01-05,0050,117.93,119.46,116.7,119.24,8987521
2021-01-06,0050,119.04,120.33,118.62,119.9,10222827
2021-01-07,0050,119.96,120.18,118.18,119.17,6766128
2021-01-08,0050,118.98,119.01,117.33,117.73,7024681
2021-01-11,0050,117.6,121.85,117.44,121.02,10330995
2021-01-12,0050,121.01,122.37,120.22,121.53,6719298
2021-01-13,0050,121.21,122.76,119.99,120.49,8880962
2021-01-14,0050,120.82,122.25,120.31,121.84,9991560
2021-01-15,0050,122.54,123.42,120.02,121.71,10541340
2021-01-18,0050,121.49,122.37,121.36,121.37,9607733
2021-01-19,0050,121.61,122.83,120.69,122.22,9295126
2021-01-20,0050,122.11,123.2,120.12,120.36,11637573
2021-01-21,0050,120.54,122.0,119.37,120.9,10591692
2021-01-22,0050,121.66,124.61,120.78,123.7,9010590
2021-01-25,0050,123.96,125.05,123.02,124.43,10251114
2021-01-26,0050,123.54,124.46,123.27,123.9,10966996
2021-01-27,0050,124.12,124.19,122.81,123.17,14014711
2021-01-28,0050,123.78,124.12,121.41,122.6,11903589
2021-01-29,0050,122.49,122.92,120.66,122.25,12909492
2021-02-01,0050,122.74,122.93,120.77,121.73,9328096
2021-02-02,0050,121.4,124.06,121.1,123.1,9504215
2021-02-03,0050,122.37,123.69,119.68,120.57,10038351
2021-02-04,0050,120.64,122.14,118.74,121.85,10228434
2021-02-05,0050,120.99,122.19,120.22,121.32,8770027
2021-02-08,0050,121.21,122.13,119.77,121.9,13222973
2021-02-09,0050,122.53,123.12,119.92,120.28,12353328
2021-02-10,0050,119.37,122.63,118.67,122.23,9976823
2021-02-11,0050,121.61,125.13,120.58,124.09,11830588
2021-02-12,0050,123.58,125.96,122.64,125.55,10965188
2021-02-15,0050,125.52,126.78,122.94,123.3,11978656
2021-02-16,0050,123.12,125.18,122.78,124.56,8248801
2021-02-17,0050,125.25,125.68,123.95,125.19,10214873
2021-02-18,0050,125.67,125.79,121.49,122.81,10351957
2021-02-19,0050,123.06,123.92,121.33,122.81,11669506
2021-02-22,0050,122.88,124.56,121.25,123.38,9283634
2021-02-23,0050,123.57,125.11,122.76,124.23,6603407
2021-02-24,0050,123.8,126.39,123.21,124.52,8487790
2021-02-25,0050,124.95,126.46,123.53,124.99,10152043
2021-02-26,0050,124.43,127.84,123.33,127.23,10330159
2021-03-01,0050,127.66,129.75,127.39,129.14,13751303
2021-03-02,0050,129.75,130.77,124.49,124.73,11212615
2021-03-03,0050,124.83,125.16,123.29,124.28,10180908
2021-03-04,0050,124.19,125.52,123.41,124.07,9907792
2021-03-05,0050,124.27,125.19,120.77,121.49,12071549
2021-03-08,0050,120.1,122.51,118.86,121.66,8832803
2021-03-09,0050,121.8,124.59,120.7,123.51,9503864
2021-03-10,0050,123.45,125.05,120.55,121.93,7947205
2021-03-11,0050,121.91,123.27,121.7,122.45,12378052
2021-03-12,0050,122.8,123.48,120.29,121.14,10201386
2021-03-15,0050,121.1,122.56,119.14,120.19,8294634
2021-03-16,0050,119.64,123.56,119.63,122.35,9145014
2021-03-17,0050,122.28,122.86,121.18,121.59,10136847
2021-03-18,0050,121.62,123.03,121.3,122.29,8756050
2021-03-19,0050,122.35,123.18,118.85,119.58,8239457
2021-03-22,0050,119.65,123.19,118.16,122.28,7984415
2021-03-23,0050,122.79,123.26,121.06,123.19,9452507
2021-03-24,0050,122.66,122.98,122.32,122.95,8254318
2021-03-25,0050,123.04,124.14,122.04,123.83,8031509
2021-03-26,0050,124.47,124.74,120.77,121.77,6782830
2021-03-29,0050,120.93,123.95,120.01,123.53,8659908
2021-03-30,0050,123.62,124.67,122.14,123.08,8182447
2021-03-31,0050,122.79,123.46,121.91,122.81,7898483
2021-04-01,0050,122.63,123.46,120.56,122.11,8588383
2021-04-02,0050,121.67,121.81,120.03,121.29,9388447
2021-04-05,0050,121.21,122.84,121.0,122.34,9221230
2021-04-06,0050,123.24,124.27,121.62,122.74,8893499
2021-04-07,0050,122.12,124.77,120.95,123.73,7639741
2021-04-08,0050,123.15,124.13,122.26,123.75,7140395
2021-04-09,0050,123.11,125.37,121.81,124.54,6497327
2021-04-12,0050,125.4,127.26,123.11,123.95,6989128
2021-04-13,0050,123.72,128.05,122.88,127.3,7743739
2021-04-14,0050,127.28,127.69,124.12,124.93,6649018
2021-04-15,0050,124.73,127.53,124.47,126.85,7740035
2021-04-16,0050,126.38,129.79,125.66,128.97,6353098
2021-04-19,0050,128.85,129.54,127.26,127.68,5572694
2021-04-20,0050,128.94,131.9,128.78,131.13,8662764
2021-04-21,0050,131.86,132.76,130.31,132.73,6830558
2021-04-22,0050,132.28,134.6,131.22,134.31,6372520
2021-04-23,0050,134.66,135.38,133.6,134.39,6063267
2021-04-26,0050,133.94,134.79,133.44,134.07,7943911
2021-04-27,0050,133.12,134.27,132.16,133.77,9407553
2021-04-28,0050,134.31,135.14,132.97,134.43,6820344
2021-04-29,0050,135.05,137.58,134.69,136.72,7048163
2021-04-30,0050,137.29,138.61,136.23,137.05,8883924
2021-05-03,0050,136.8,137.56,134.3,135.59,5290579
2021-05-04,0050,135.5,138.0,135.26,136.96,10453926
2021-05-05,0050,137.37,139.04,136.58,138.51,11412184
2021-05-06,0050,138.73,140.79,138.14,139.64,4527024
2021-05-07,0050,139.42,141.98,138.65,140.92,7262794
2021-05-10,0050,140.01,141.83,139.45,140.5,6518513
2021-05-11,0050,140.56,141.8,138.05,138.97,7104671
2021-05-12,0050,139.56,140.73,135.67,137.55,6945186
2021-05-13,0050,136.89,137.66,134.25,134.89,8714509
2021-05-14,0050,135.23,136.25,134.26,135.3,7423616
2021-05-17,0050,135.48,136.87,133.31,135.2,6472322
2021-05-18,0050,135.61,136.07,134.01,134.52,7445106
2021-05-19,0050,134.99,135.46,128.06,129.78,8488516
2021-05-20,0050,129.42,130.29,127.1,127.87,6302230
2021-05-21,0050,127.05,130.62,125.38,129.63,5847151
2021-05-24,0050,129.35,129.7,127.47,128.63,11354583
2021-05-25,0050,129.08,129.95,128.15,129.21,7129590
2021-05-26,0050,128.93,129.66,126.36,127.09,7880612
2021-05-27,0050,126.74,129.69,126.29,129.32,7591305
2021-05-28,0050,128.37,129.79,127.56,129.12,9087892
2021-05-31,0050,130.03,130.73,128.36,129.61,11441379
2021-06-01,0050,130.03,133.97,129.26,133.26,9323150
2021-06-02,0050,133.67,135.23,128.09,128.7,22593078
2021-06-03,0050,129.2,129.35,127.62,128.26,6680409
2021-06-04,0050,128.56,128.9,126.11,127.38,8058042
2021-06-07,0050,127.25,127.82,125.53,126.91,8334137
2021-06-08,0050,126.83,128.24,126.41,127.72,6480590
2021-06-09,0050,127.5,128.16,127.08,127.59,10342871
2021-06-10,0050,128.94,129.45,126.06,127.02,7412996
2021-06-11,0050,127.3,130.64,125.76,129.29,11910226
2021-06-14,0050,129.05,130.36,127.68,129.14,12755915
2021-06-15,0050,129.38,133.58,129.25,132.74,8873728
2021-06-16,0050,132.2,133.52,131.55,132.92,10135984
2021-06-17,0050,133.72,137.17,133.41,135.8,7571533
2021-06-18,0050,135.44,137.22,134.77,136.41,10667781
2021-06-21,0050,136.69,138.4,134.99,138.02,8791996
2021-06-22,0050,138.61,138.73,136.82,136.86,7973106
2021-06-23,0050,137.07,137.65,135.43,135.49,9278015
2021-06-24,0050,135.54,137.5,135.18,136.27,9056826
2021-06-25,0050,136.28,140.01,135.3,137.92,9356840
2021-06-28,0050,137.89,138.89,136.72,138.02,11852089
2021-06-29,0050,137.7,138.11,134.87,135.93,8729953
2021-06-30,0050,135.68,135.85,132.31,133.74,13826517
2021-07-01,0050,134.53,135.64,131.35,131.49,8016848
2021-07-02,0050,131.43,131.57,127.34,128.73,13683593
2021-07-05,0050,128.32,129.99,127.71,128.93,8562517
2021-07-06,0050,128.66,131.91,127.52,130.7,10326389
2021-07-07,0050,131.28,132.3,130.62,130.71,9494696
2021-07-08,0050,131.07,131.74,126.44,127.2,9783904
2021-07-09,0050,127.49,128.54,126.06,126.94,12061832
2021-07-12,0050,126.81,127.66,125.38,126.73,13715246
2021-07-13,0050,127.02,130.32,126.97,129.95,13002114
2021-07-14,0050,129.61,131.35,126.92,127.71,9774319
2021-07-15,0050,127.57,128.16,126.93,127.14,10882405
2021-07-16,0050,127.63,130.95,126.61,129.77,9153054
2021-07-19,0050,130.23,130.99,129.04,130.51,8817980
2021-07-20,0050,129.99,132.88,128.54,131.42,8575226
2021-07-21,0050,130.97,133.2,130.47,131.63,9736846
2021-07-22,0050,131.69,133.0,130.41,132.19,11007851
2021-07-23,0050,133.1,134.55,131.58,133.46,7449034
2021-07-26,0050,132.43,133.52,132.12,132.19,10401324
2021-07-27,0050,132.34,134.08,131.22,133.62,13746233
2021-07-28,0050,132.88,133.97,130.16,131.45,12768352
2021-07-29,0050,131.12,132.37,130.47,132.0,9359432
2021-07-30,0050,131.81,132.79,131.66,132.32,8056872
2021-08-02,0050,132.09,133.48,130.09,131.37,11206969
2021-08-03,0050,131.09,132.67,130.93,131.37,6766608
2021-08-04,0050,131.37,131.79,129.73,130.42,12477294
2021-08-05,0050,130.14,130.54,128.02,128.78,9778317
2021-08-06,0050,128.02,128.7,126.89,128.26,14046486
2021-08-09,0050,128.66,129.81,126.15,126.59,7356731
2021-08-10,0050,126.98,127.37,126.56,127.12,11764488
2021-08-11,0050,127.54,128.49,124.59,125.39,9725089
2021-08-12,0050,124.62,127.63,123.37,126.5,9261251
2021-08-13,0050,126.65,127.36,122.84,124.73,7622815
2021-08-16,0050,125.07,126.33,123.91,123.92,10771672
2021-08-17,0050,123.41,124.0,122.13,123.02,10837946
2021-08-18,0050,123.02,125.65,122.82,125.01,13118854
2021-08-19,0050,124.95,125.8,123.69,125.53,11305511
2021-08-20,0050,126.46,127.73,124.97,125.25,8396462
2021-08-23,0050,126.21,126.58,125.61,126.03,7726575
2021-08-24,0050,125.19,126.11,122.42,122.87,7166983
2021-08-25,0050,124.1,124.81,122.14,122.84,11837516
2021-08-26,0050,122.39,126.04,121.5,125.81,7815871
2021-08-27,0050,126.31,126.76,125.05,126.05,11619507
2021-08-30,0050,126.53,127.99,125.43,126.18,9686018
2021-08-31,0050,125.68,127.91,125.59,127.04,9257367
2021-09-01,0050,127.29,128.69,126.16,128.44,8171388
2021-09-02,0050,128.38,129.31,124.67,125.39,9627632
2021-09-03,0050,125.67,126.35,121.58,122.89,8438536
2021-09-06,0050,123.01,125.67,122.62,123.23,7838775
2021-09-07,0050,123.82,124.71,122.16,122.21,9401544
2021-09-08,0050,122.24,124.72,121.53,124.16,8003431
2021-09-09,0050,124.08,125.53,122.34,123.72,7045951
2021-09-10,0050,124.26,124.43,120.08,120.88,8977330
2021-09-13,0050,121.16,121.93,118.45,119.07,7893542
2021-09-14,0050,119.42,121.09,114.88,115.17,8642397
2021-09-15,0050,114.87,115.51,113.37,114.88,7231281
2021-09-16,0050,114.4,114.75,114.18,114.65,6260504
2021-09-17,0050,114.39,114.89,113.74,114.09,10552888
2021-09-20,0050,113.81,116.96,112.87,115.6,10125794
2021-09-21,0050,115.96,118.17,115.8,117.29,8924909
2021-09-22,0050,117.75,118.06,115.78,117.08,7053461
2021-09-23,0050,117.01,117.39,113.14,114.11,7123131
2021-09-24,0050,114.76,115.41,113.66,114.98,9591260
2021-09-27,0050,115.61,116.64,114.66,115.78,6983477
2021-09-28,0050,115.89,117.56,115.27,116.24,6613923
2021-09-29,0050,115.85,118.84,115.65,117.63,10344536
2021-09-30,0050,118.38,119.3,115.39,116.02,7300402
2021-10-01,0050,115.99,118.93,115.75,118.85,10099987
2021-10-04,0050,118.91,127.05,117.96,126.97,19958173
2021-10-05,0050,126.79,129.18,125.62,128.14,8043780
2021-10-06,0050,127.68,127.76,124.08,125.58,10634847
2021-10-07,0050,124.84,125.47,123.28,124.21,7367576
2021-10-08,0050,124.52,127.41,123.31,126.5,6995595
2021-10-11,0050,126.1,126.31,125.49,126.13,5955669
2021-10-12,0050,127.68,127.92,126.91,127.43,8950945
2021-10-13,0050,126.88,128.55,125.88,127.83,6432488
2021-10-14,0050,127.19,128.72,126.62,127.7,7290701
2021-10-15,0050,127.96,131.15,127.06,129.82,5964056
2021-10-18,0050,130.62,131.72,129.26,129.49,9905521
2021-10-19,0050,129.52,130.33,126.44,126.75,9264511
2021-10-20,0050,127.04,127.42,124.49,125.56,7528013
2021-10-21,0050,124.64,126.64,123.45,126.42,6190960
2021-10-22,0050,126.08,127.56,125.82,127.05,10117907
2021-10-25,0050,126.51,127.48,123.61,124.7,7238661
2021-10-26,0050,123.75,124.66,123.17,123.64,6386895
2021-10-27,0050,123.7,124.0,122.07,122.81,5721731
2021-10-28,0050,121.71,122.65,120.29,122.3,7055431
2021-10-29,0050,121.66,122.97,119.21,120.32,6154421
2021-11-01,0050,120.06,120.82,118.34,119.44,7214631
2021-11-02,0050,119.04,119.08,116.81,118.42,9315394
2021-11-03,0050,118.61,121.39,118.23,119.55,7688802
2021-11-04,0050,119.7,121.45,119.45,120.74,8856878
2021-11-05,0050,121.17,122.09,120.18,120.56,7366452
2021-11-08,0050,120.92,121.84,119.42,120.02,8575703
2021-11-09,0050,120.57,121.12,119.84,120.25,12098668
2021-11-10,0050,120.25,120.62,118.49,119.11,8123550
2021-11-11,0050,119.25,120.98,116.03,116.47,32773317
2021-11-12,0050,116.71,117.88,114.13,115.19,6659106
2021-11-15,0050,115.25,116.32,113.49,114.34,11721919
2021-11-16,0050,114.16,115.1,112.36,112.77,8264020
2021-11-17,0050,112.62,113.24,111.68,113.02,10987393
2021-11-18,0050,112.65,115.3,111.65,114.04,8981565
2021-11-19,0050,114.23,114.53,111.57,111.89,10349610
2021-11-22,0050,111.85,112.75,111.4,111.95,10558844
2021-11-23,0050,111.66,111.75,111.33,111.69,8704452
2021-11-24,0050,111.39,112.41,111.21,112.17,11596026
2021-11-25,0050,111.63,113.0,111.29,112.18,8381939
2021-11-26,0050,112.62,112.93,109.56,110.25,11145255
2021-11-29,0050,110.29,110.5,108.37,108.61,9104156
2021-11-30,0050,108.24,109.56,107.81,108.68,10480814
2021-12-01,0050,109.03,111.64,108.91,110.05,9122867
2021-12-02,0050,109.8,111.07,106.43,107.15,10073411
2021-12-03,0050,106.55,108.16,105.73,107.62,8281708
2021-12-06,0050,108.06,109.84,107.24,109.18,10572552
2021-12-07,0050,108.95,110.05,108.29,109.01,10251928
2021-12-08,0050,108.83,110.91,108.81,109.76,9278394
2021-12-09,0050,109.78,110.28,108.48,108.86,10175656
2021-12-10,0050,109.36,110.03,108.26,108.73,10575975
2021-12-13,0050,108.74,109.52,106.17,106.64,9278002
2021-12-14,0050,106.13,107.0,103.02,103.67,10166504
2021-12-15,0050,103.89,105.44,102.68,104.87,8710347
2021-12-16,0050,104.66,105.24,102.7,103.65,15967013
2021-12-17,0050,104.44,105.64,102.9,103.11,12695624
2021-12-20,0050,103.11,104.23,100.54,101.42,11041195
2021-12-21,0050,100.52,101.31,98.88,99.73,12998721
2021-12-22,0050,99.88,101.16,99.27,99.55,7378210
2021-12-23,0050,100.32,100.77,97.78,98.7,6651685
2021-12-24,0050,99.33,109.43,98.79,108.08,34333743
2021-12-27,0050,108.87,109.76,108.66,108.7,8220337
2021-12-28,0050,108.25,111.22,107.41,109.14,10086610
2021-12-29,0050,109.54,109.67,108.73,109.48,10906868
2021-12-30,0050,109.16,111.94,108.61,111.58,12380963
2021-12-31,0050,111.68,112.54,109.53,110.18,8527074
2022-01-03,0050,109.62,110.97,109.28,110.13,11215054
2022-01-04,0050,109.85,113.2,108.92,111.66,10429618
2022-01-05,0050,111.36,113.76,110.71,113.38,11033092
2022-01-06,0050,113.79,114.88,110.73,111.47,9399298
2022-01-07,0050,111.83,113.02,110.26,111.08,13178290
2022-01-10,0050,111.21,113.92,111.05,112.92,10033822
2022-01-11,0050,112.31,113.88,112.04,113.64,13992427
2022-01-12,0050,113.5,115.26,113.18,113.93,8767551
2022-01-13,0050,113.59,114.91,112.66,113.67,11482286
2022-01-14,0050,114.06,115.02,113.04,113.17,9872396
2022-01-17,0050,113.7,114.48,112.85,113.59,9341865
2022-01-18,0050,114.07,114.86,112.43,113.27,11022931
2022-01-19,0050,112.93,113.89,111.98,113.24,9250071
2022-01-20,0050,112.0,114.35,111.87,113.38,5997405
2022-01-21,0050,112.58,113.27,111.84,112.49,5533700
2022-01-24,0050,113.13,113.53,111.69,113.23,11972527
2022-01-25,0050,113.05,117.43,111.6,117.22,11777180
2022-01-26,0050,116.87,117.22,113.61,114.75,13135673
2022-01-27,0050,115.5,116.3,114.38,115.22,9236149
2022-01-28,0050,115.81,116.49,113.98,114.2,7272327
2022-01-31,0050,114.21,115.81,113.2,115.02,8427678
2022-02-01,0050,114.89,116.04,114.27,115.12,9018249
2022-02-02,0050,115.05,116.6,114.11,116.2,7433176
2022-02-03,0050,116.3,119.26,115.9,117.86,11868615
2022-02-04,0050,118.62,119.2,117.54,118.17,13067599
2022-02-07,0050,118.37,120.31,117.58,119.8,9421131
2022-02-08,0050,120.15,121.1,115.65,116.46,8539893
2022-02-09,0050,117.01,118.87,116.07,118.71,6709217
2022-02-10,0050,118.16,119.62,117.72,119.28,11077029
2022-02-11,0050,119.64,122.05,119.56,120.85,8417316
2022-02-14,0050,120.71,120.82,117.62,119.11,7804365
2022-02-15,0050,117.91,119.19,116.03,117.95,8879041
2022-02-16,0050,116.95,119.61,116.04,118.19,7258783
2022-02-17,0050,117.71,118.73,117.62,118.19,8206124
2022-02-18,0050,118.45,119.48,118.1,118.63,6109736
2022-02-21,0050,118.68,121.46,117.73,120.2,9550612
2022-02-22,0050,120.29,120.78,116.35,117.68,7643770
2022-02-23,0050,118.6,120.22,118.46,119.09,9520173
2022-02-24,0050,118.48,119.52,117.83,119.13,7397863
2022-02-25,0050,119.12,119.6,118.06,118.87,7432799
2022-02-28,0050,119.01,119.35,115.69,116.8,6084300
2022-03-01,0050,116.45,118.4,115.92,117.53,8625418
2022-03-02,0050,117.55,118.8,114.13,114.16,6390932
2022-03-03,0050,113.43,115.68,112.46,115.07,6821786
2022-03-04,0050,115.72,115.83,111.86,113.04,7415760
2022-03-07,0050,112.73,113.33,112.1,113.14,7550376
2022-03-08,0050,114.06,114.93,112.15,113.01,5417704
2022-03-09,0050,112.99,116.16,112.53,114.62,7048866
2022-03-10,0050,115.1,115.97,114.11,114.41,8464298
2022-03-11,0050,114.38,114.89,112.34,113.48,6845482
2022-03-14,0050,113.47,114.5,111.97,112.82,7034928
2022-03-15,0050,112.56,115.15,111.66,114.57,7545104
2022-03-16,0050,114.63,115.86,113.25,115.34,7170641
2022-03-17,0050,115.49,115.74,114.63,114.83,6103411
2022-03-18,0050,114.47,115.87,114.04,114.54,7316506
2022-03-21,0050,114.48,114.96,111.67,112.41,8833868
2022-03-22,0050,112.14,114.0,111.72,112.96,6135355
2022-03-23,0050,114.0,114.47,109.6,110.61,6959515
2022-03-24,0050,110.57,111.05,107.94,108.51,20418048
2022-03-25,0050,109.18,110.57,108.48,108.7,8910271
2022-03-28,0050,108.62,112.19,107.94,111.84,7441588
2022-03-29,0050,111.96,112.33,109.66,110.39,6534819
2022-03-30,0050,109.81,110.89,108.74,110.29,7797077
2022-03-31,0050,110.09,113.56,109.25,112.69,6220876
2022-04-01,0050,112.79,114.82,111.9,114.33,6464794
2022-04-04,0050,115.06,115.09,112.58,113.41,6036400
2022-04-05,0050,113.51,114.03,112.91,113.74,6535166
2022-04-06,0050,114.37,115.64,113.41,113.77,10200572
2022-04-07,0050,114.06,114.9,113.25,114.18,7066388
2022-04-08,0050,114.93,115.82,112.73,113.25,8852193
2022-04-11,0050,113.23,113.79,111.72,113.16,7069956
2022-04-12,0050,114.24,114.63,109.76,111.02,9515501
2022-04-13,0050,110.8,112.64,109.86,111.23,6968964
2022-04-14,0050,110.89,112.44,110.05,111.86,8527365
2022-04-15,0050,111.31,112.05,110.69,111.58,8635300
2022-04-18,0050,112.62,113.79,109.34,109.44,13138019
2022-04-19,0050,109.8,111.11,109.24,110.77,9778079
2022-04-20,0050,110.62,111.68,109.91,111.28,7925411
2022-04-21,0050,111.84,112.51,109.58,110.34,10076183
2022-04-22,0050,110.64,111.31,109.13,110.0,13219785
2022-04-25,0050,110.86,111.64,107.0,108.04,6775858
2022-04-26,0050,107.37,108.92,106.4,106.74,7883434
2022-04-27,0050,106.63,107.41,105.73,106.08,8875592
2022-04-28,0050,105.88,108.05,104.63,107.67,8672944
2022-04-29,0050,106.82,107.65,105.85,106.87,8886233
2022-05-02,0050,107.32,108.38,106.85,107.72,7527086
2022-05-03,0050,107.6,108.26,106.45,107.05,12361492
2022-05-04,0050,107.36,108.14,106.76,107.39,7494148
2022-05-05,0050,108.41,109.04,106.58,107.24,9413706
2022-05-06,0050,107.09,109.02,106.24,108.39,11871550
2022-05-09,0050,108.21,109.12,105.98,107.72,9853363
2022-05-10,0050,107.77,108.18,105.0,105.71,8364121
2022-05-11,0050,106.13,106.37,103.09,103.99,7878265
2022-05-12,0050,103.75,105.63,103.27,103.35,9696007
2022-05-13,0050,103.09,103.41,101.41,101.83,8870212
2022-05-16,0050,102.26,103.01,101.14,102.35,10605258
2022-05-17,0050,102.51,102.51,101.03,101.81,7981890
2022-05-18,0050,100.97,105.41,99.81,104.73,11945870
2022-05-19,0050,104.22,104.46,101.68,102.58,10580441
2022-05-20,0050,103.19,103.63,101.45,102.85,10762915
2022-05-23,0050,103.02,104.07,101.28,101.48,13525945
2022-05-24,0050,101.18,101.97,99.69,100.91,9672038
2022-05-25,0050,100.84,101.94,100.33,101.11,9205150
2022-05-26,0050,101.11,101.22,97.35,98.31,9523079
2022-05-27,0050,98.6,99.93,98.01,98.61,10166527
2022-05-30,0050,98.08,101.01,97.74,100.89,10364157
2022-05-31,0050,100.55,101.77,99.59,100.37,9076633
2022-06-01,0050,100.48,101.72,99.41,100.7,7323620
2022-06-02,0050,100.66,102.82,99.91,101.97,9524367
2022-06-03,0050,102.2,102.47,100.94,101.79,11231024
2022-06-06,0050,101.29,101.96,100.67,101.11,10773184
2022-06-07,0050,101.25,101.67,98.23,98.37,13021600
2022-06-08,0050,98.8,99.76,97.94,99.15,14885245
2022-06-09,0050,99.35,99.84,97.76,99.04,11968727
2022-06-10,0050,99.1,99.31,96.84,97.87,13346454
2022-06-13,0050,97.83,99.07,97.64,98.04,11902491
2022-06-14,0050,97.71,98.27,97.37,97.38,14046866
2022-06-15,0050,97.35,97.74,96.53,96.78,14342475
2022-06-16,0050,97.27,97.88,97.23,97.51,12137615
2022-06-17,0050,97.47,98.19,95.38,95.97,11551998
2022-06-20,0050,95.63,97.44,94.9,97.2,9747115
2022-06-21,0050,97.01,97.3,95.57,95.59,9976970
2022-06-22,0050,95.67,96.4,93.99,94.86,9396454
2022-06-23,0050,94.72,97.85,93.92,97.07,11089741
2022-06-24,0050,97.26,98.92,96.89,98.41,8647133
2022-06-27,0050,98.61,98.75,98.02,98.55,9438954
2022-06-28,0050,98.9,99.53,97.28,97.46,6342941
2022-06-29,0050,98.02,98.03,96.41,96.87,13107057
2022-06-30,0050,97.25,97.44,96.39,96.98,9159043
2022-07-01,0050,96.61,97.33,95.97,97.04,10253257
2022-07-04,0050,96.69,97.87,95.97,96.96,12169204
2022-07-05,0050,96.93,97.39,96.26,96.95,9788912
2022-07-06,0050,96.77,97.18,96.25,96.72,11913451
2022-07-07,0050,96.28,97.61,94.4,95.08,7275300
2022-07-08,0050,94.91,95.61,93.56,94.51,13869419
2022-07-11,0050,94.33,96.27,93.8,95.57,10846856
2022-07-12,0050,95.31,95.74,93.34,94.03,9168682
2022-07-13,0050,93.91,94.25,93.34,93.83,11296889
2022-07-14,0050,94.28,94.54,92.62,92.94,7011136
2022-07-15,0050,93.01,94.0,92.26,93.08,8131467
2022-07-18,0050,94.0,94.74,92.32,92.67,10995925
2022-07-19,0050,92.73,94.84,92.04,94.34,5997963
2022-07-20,0050,94.23,95.45,93.65,94.93,9192631
2022-07-21,0050,94.94,95.79,93.02,93.46,9056418
2022-07-22,0050,93.56,94.26,93.12,94.24,11617047
2022-07-25,0050,94.4,94.75,93.02,93.39,6071569
2022-07-26,0050,94.16,94.3,92.71,92.76,10687344
2022-07-27,0050,92.45,94.36,91.75,93.14,7168363
2022-07-28,0050,93.46,94.35,91.97,92.61,7252090
2022-07-29,0050,92.69,93.89,91.82,93.63,6255807
2022-08-01,0050,93.04,93.04,92.42,92.78,6358307
2022-08-02,0050,93.07,93.57,90.86,92.11,8254295
2022-08-03,0050,92.58,92.96,91.0,91.41,6239230
2022-08-04,0050,91.1,91.16,90.59,90.81,8651991
2022-08-05,0050,90.81,93.3,90.63,92.03,6680421
2022-08-08,0050,91.4,93.42,91.31,92.75,6017601
2022-08-09,0050,92.28,95.43,91.17,94.68,6774180
2022-08-10,0050,95.07,97.59,93.98,97.28,7880679
2022-08-11,0050,97.1,97.96,95.29,96.1,7029955
2022-08-12,0050,95.67,96.64,95.44,96.2,7412679
2022-08-15,0050,96.29,96.76,93.61,94.87,8330553
2022-08-16,0050,94.67,95.47,93.58,94.01,8914573
2022-08-17,0050,93.83,93.88,92.86,93.32,6930575
2022-08-18,0050,93.6,94.76,91.08,92.16,6070151
2022-08-19,0050,91.73,92.35,90.23,91.02,7428331
2022-08-22,0050,90.69,91.9,89.35,90.89,7982549
2022-08-23,0050,90.94,91.1,88.96,89.58,5647528
2022-08-24,0050,89.93,90.72,89.53,90.51,6272090
2022-08-25,0050,90.96,91.08,89.22,89.54,6487566
2022-08-26,0050,89.3,93.22,89.17,92.58,7138423
2022-08-29,0050,92.92,93.51,91.65,92.1,6488890
2022-08-30,0050,91.81,92.58,90.84,92.2,8491971
2022-08-31,0050,92.87,93.05,90.03,90.79,5630967
2022-09-01,0050,90.38,92.76,89.83,92.67,5690264
2022-09-02,0050,93.16,94.49,92.98,93.94,7166581
2022-09-05,0050,93.69,94.69,93.05,94.3,7424798
2022-09-06,0050,95.06,95.37,91.87,92.8,5941619
2022-09-07,0050,93.02,94.19,92.3,93.06,6975504
2022-09-08,0050,92.68,93.2,91.21,91.83,7298192
2022-09-09,0050,91.63,94.5,91.38,93.46,7371153
2022-09-12,0050,93.75,94.76,92.87,94.39,8203673
2022-09-13,0050,94.79,95.45,93.91,94.52,7151491
2022-09-14,0050,94.5,95.04,91.09,91.78,10610321
2022-09-15,0050,91.8,91.87,89.25,90.72,8964914
2022-09-16,0050,91.0,92.57,91.0,91.49,7170414
2022-09-19,0050,91.54,93.36,91.08,92.85,8518152
2022-09-20,0050,92.37,94.95,91.82,94.11,8650002
2022-09-21,0050,93.8,94.08,91.95,92.33,10633480
2022-09-22,0050,92.42,93.19,91.48,92.69,7748094
2022-09-23,0050,93.14,94.08,92.41,93.84,10012149
2022-09-26,0050,94.45,95.48,91.39,92.0,8875964
2022-09-27,0050,92.29,92.96,91.17,92.01,11639113
2022-09-28,0050,92.12,93.03,91.56,92.34,11338877
2022-09-29,0050,92.62,93.68,90.31,92.03,9404641
2022-09-30,0050,91.78,92.76,89.41,90.01,8743072
2022-10-03,0050,89.95,90.77,89.07,89.68,10137240
2022-10-04,0050,89.38,89.41,89.27,89.35,9042211
2022-10-05,0050,88.9,89.5,88.56,89.21,12755696
2022-10-06,0050,89.33,89.51,87.69,88.63,9645991
2022-10-07,0050,88.7,89.49,88.12,88.18,8917656
2022-10-10,0050,88.42,89.02,87.93,88.16,8905462
2022-10-11,0050,88.35,88.69,87.81,88.65,7838853
2022-10-12,0050,88.74,89.2,87.34,88.35,10862777
2022-10-13,0050,88.55,88.55,87.4,87.94,8541562
2022-10-14,0050,87.92,88.57,87.51,88.06,12148965
2022-10-17,0050,88.2,88.26,85.93,86.05,7952708
2022-10-18,0050,85.8,87.27,85.13,86.56,10333869
2022-10-19,0050,86.69,87.34,85.84,86.58,12496549
2022-10-20,0050,86.82,88.0,86.55,86.65,6934382
2022-10-21,0050,86.42,88.49,85.5,87.67,14764909
2022-10-24,0050,87.69,88.06,84.86,85.64,9554944
2022-10-25,0050,85.42,86.21,82.75,83.63,10625097
2022-10-26,0050,83.45,83.96,82.76,83.92,11524250
2022-10-27,0050,83.55,84.12,82.83,83.94,11889072
2022-10-28,0050,84.36,84.98,83.45,84.13,10991105
2022-10-31,0050,84.49,84.71,82.89,83.69,12550107
2022-11-01,0050,83.86,84.87,83.76,84.37,11537278
2022-11-02,0050,85.04,85.5,85.04,85.34,14448555
2022-11-03,0050,85.27,86.41,85.01,85.86,11572968
2022-11-04,0050,86.9,87.04,85.14,85.61,15011779
2022-11-07,0050,85.53,86.19,82.83,83.46,12397216
2022-11-08,0050,83.55,84.77,82.94,84.26,7612937
2022-11-09,0050,84.12,86.5,83.24,85.51,16844412
2022-11-10,0050,85.64,86.71,84.73,86.19,9481156
2022-11-11,0050,86.48,86.74,85.09,85.31,13736925
2022-11-14,0050,85.27,86.45,84.67,86.02,10521812
2022-11-15,0050,86.63,86.98,86.4,86.93,12640457
2022-11-16,0050,87.01,89.25,86.55,88.58,9196326
2022-11-17,0050,88.67,89.41,87.03,87.67,11608516
2022-11-18,0050,87.35,88.84,86.68,87.45,9869631
2022-11-21,0050,87.6,88.57,86.23,88.26,13663850
2022-11-22,0050,88.21,88.77,87.48,88.34,11073582
2022-11-23,0050,88.12,88.45,86.86,87.18,12045875
2022-11-24,0050,86.91,88.23,85.71,87.63,6854882
2022-11-25,0050,88.57,89.23,87.86,88.26,9903982
2022-11-28,0050,88.17,88.89,87.59,88.38,10758531
2022-11-29,0050,87.86,89.55,87.51,88.63,10330885
2022-11-30,0050,88.38,88.7,87.27,88.38,11712129
2022-12-01,0050,88.36,90.86,87.87,89.97,9153537
2022-12-02,0050,90.17,90.9,88.43,89.02,9784941
2022-12-05,0050,89.22,89.75,87.46,88.41,11898760
2022-12-06,0050,88.65,89.07,87.71,88.45,6328791
2022-12-07,0050,88.22,90.81,87.71,89.4,10512293
2022-12-08,0050,89.52,89.77,86.9,87.82,8822472
2022-12-09,0050,87.51,88.14,85.06,86.46,7876594
2022-12-12,0050,86.25,86.5,83.75,84.37,9768844
2022-12-13,0050,84.06,85.53,83.51,84.42,11357623
2022-12-14,0050,84.02,84.82,82.75,83.31,10871754
2022-12-15,0050,83.66,83.94,82.01,82.95,8713291
2022-12-16,0050,83.17,84.3,82.88,83.63,10347582
2022-12-19,0050,83.95,84.54,82.6,83.0,10229265
2022-12-20,0050,83.02,83.58,83.0,83.25,8525970
2022-12-21,0050,83.51,85.07,83.41,84.31,26487923
2022-12-22,0050,83.71,85.65,83.39,85.01,7570064
2022-12-23,0050,85.3,86.1,84.81,85.52,9769650
2022-12-26,0050,85.58,86.08,83.72,84.83,8255656
2022-12-27,0050,85.04,85.7,83.99,84.68,6823140
2022-12-28,0050,84.81,86.35,84.61,85.76,6023511
2022-12-29,0050,85.42,86.72,85.16,86.18,9385725
2022-12-30,0050,85.67,85.96,83.79,84.76,7255738
2023-01-02,0050,84.52,86.54,83.63,85.45,8420837
2023-01-03,0050,85.64,85.8,83.84,84.36,9832802
2023-01-04,0050,84.59,86.47,84.23,85.81,6163557
2023-01-05,0050,85.34,87.3,84.44,86.89,7676789
2023-01-06,0050,86.54,88.35,86.37,87.21,7449024
2023-01-09,0050,86.96,87.6,86.3,87.4,8166930
2023-01-10,0050,87.27,87.54,85.88,87.2,9470686
2023-01-11,0050,86.72,88.12,86.13,87.93,5928530
2023-01-12,0050,87.43,88.2,87.18,87.56,8298769
2023-01-13,0050,87.27,87.88,86.61,87.83,8973274
2023-01-16,0050,87.86,89.13,87.5,88.77,7175356
2023-01-17,0050,88.35,88.58,88.16,88.2,7211640
2023-01-18,0050,88.15,88.77,86.79,87.57,7945657
2023-01-19,0050,87.94,88.29,85.43,86.33,7821579
2023-01-20,0050,85.88,85.89,84.85,85.25,8148363
2023-01-23,0050,85.18,86.06,83.03,83.4,8108129
2023-01-24,0050,83.74,84.22,83.56,84.15,6138616
2023-01-25,0050,84.01,86.79,83.56,86.0,8756507
2023-01-26,0050,85.8,87.77,85.48,87.49,9047071
2023-01-27,0050,87.9,88.99,85.64,85.81,7594754
2023-01-30,0050,85.7,87.35,84.54,86.58,5625002
2023-01-31,0050,86.96,88.25,86.27,88.07,7230978
2023-02-01,0050,88.23,88.43,86.89,87.61,7671553
2023-02-02,0050,87.49,88.48,86.66,87.74,6053377
2023-02-03,0050,87.91,88.35,84.87,85.65,7004399
2023-02-06,0050,85.76,86.4,85.39,85.95,5829745
2023-02-07,0050,86.3,87.25,84.27,84.87,8430204
2023-02-08,0050,84.68,85.35,84.27,85.09,7836195
2023-02-09,0050,85.11,85.65,82.87,83.52,5694542
2023-02-10,0050,83.5,84.91,82.89,84.09,8218142
2023-02-13,0050,84.32,85.93,83.95,85.14,7695768
2023-02-14,0050,84.79,85.25,84.31,84.36,8601659
2023-02-15,0050,84.71,85.12,82.68,83.23,7367251
2023-02-16,0050,83.39,83.47,80.68,81.1,6903993
2023-02-17,0050,80.67,81.0,80.55,80.86,7005879
2023-02-20,0050,81.25,81.84,79.67,80.32,7374440
2023-02-21,0050,81.03,81.48,78.06,78.84,8230814
2023-02-22,0050,79.16,79.79,77.88,79.29,8507222
2023-02-23,0050,79.74,80.55,78.53,78.88,8083983
2023-02-24,0050,78.91,79.01,77.58,77.88,7830743
2023-02-27,0050,77.37,77.78,77.25,77.38,8013421
2023-02-28,0050,76.81,78.93,76.29,78.4,13543636
2023-03-01,0050,78.48,79.24,77.94,78.99,7583382
2023-03-02,0050,78.8,79.81,78.58,78.88,7959719
2023-03-03,0050,78.59,80.25,78.18,79.49,16083689
2023-03-06,0050,79.47,80.04,78.25,78.4,9686099
2023-03-07,0050,78.59,79.63,77.69,78.45,7073785
2023-03-08,0050,77.99,78.61,77.77,78.61,10656997
2023-03-09,0050,78.47,78.94,77.73,78.19,7848308
2023-03-10,0050,78.66,79.24,78.59,78.61,10991412
2023-03-13,0050,78.28,78.46,77.61,77.9,9067261
2023-03-14,0050,78.17,78.96,77.79,78.39,8779329
2023-03-15,0050,78.24,79.06,77.78,78.93,12805446
2023-03-16,0050,79.1,79.8,75.59,76.19,10703260
2023-03-17,0050,76.52,78.09,75.62,77.3,11609318
2023-03-20,0050,77.53,78.07,73.82,74.49,10619690
2023-03-21,0050,74.76,74.86,73.23,73.96,9132527
2023-03-22,0050,73.62,75.04,72.75,74.88,11122306
2023-03-23,0050,75.22,75.84,74.0,74.62,12469274
2023-03-24,0050,74.36,74.82,72.89,73.32,10341674
2023-03-27,0050,73.4,73.75,71.65,72.38,14043398
2023-03-28,0050,72.45,74.09,71.71,73.29,11899168
2023-03-29,0050,73.43,73.91,71.0,71.62,10661589
2023-03-30,0050,71.72,72.8,71.7,72.61,10788109
2023-03-31,0050,72.36,73.3,72.17,72.58,10613573
2023-04-03,0050,72.18,72.42,71.21,71.56,8298063
2023-04-04,0050,71.81,72.04,70.43,71.07,10261507
2023-04-05,0050,71.13,71.66,69.81,70.22,10884517
2023-04-06,0050,70.55,71.9,69.8,70.97,9728795
2023-04-07,0050,70.96,72.51,70.16,71.61,11164767
2023-04-10,0050,71.21,71.74,69.4,70.15,10562892
2023-04-11,0050,70.42,70.98,69.08,69.83,12107671
2023-04-12,0050,69.73,70.37,69.0,69.13,11876104
2023-04-13,0050,69.22,70.28,68.67,70.22,10863174
2023-04-14,0050,70.03,70.63,68.85,69.1,8238718
2023-04-17,0050,69.55,70.66,69.51,70.44,14533484
2023-04-18,0050,70.2,70.94,69.86,70.43,10250208
2023-04-19,0050,70.34,70.7,68.68,69.47,10345229
2023-04-20,0050,69.5,70.05,68.38,68.92,9847467
2023-04-21,0050,68.62,69.06,67.31,68.28,9566593
2023-04-24,0050,68.37,68.8,66.8,67.25,13749324
2023-04-25,0050,67.68,68.14,66.28,67.34,13315987
2023-04-26,0050,67.21,75.87,66.76,75.23,39181545
2023-04-27,0050,75.35,75.93,72.83,73.28,10090964
2023-04-28,0050,72.47,73.37,72.41,72.96,11444872
2023-05-01,0050,72.95,73.87,70.66,71.4,10319908
2023-05-02,0050,71.31,71.83,70.49,70.78,9784827
2023-05-03,0050,70.54,71.09,69.78,70.02,10695417
2023-05-04,0050,70.32,71.04,68.54,69.31,9235406
2023-05-05,0050,69.22,71.52,68.48,70.99,10391453
2023-05-08,0050,70.94,71.23,70.19,71.05,10227697
2023-05-09,0050,70.95,71.55,70.62,71.28,10905719
2023-05-10,0050,70.73,71.02,69.37,69.78,8683329
2023-05-11,0050,69.46,70.09,68.85,69.25,10940308
2023-05-12,0050,69.52,69.83,68.81,69.45,8109049
2023-05-15,0050,68.86,69.49,67.77,68.61,8535801
2023-05-16,0050,68.4,69.83,67.89,69.37,8525717
2023-05-17,0050,69.26,70.04,63.46,64.36,26811208
2023-05-18,0050,64.8,65.12,63.54,64.15,11049351
2023-05-19,0050,64.35,64.85,63.39,63.72,7655827
2023-05-22,0050,63.57,64.37,62.98,63.86,7958811
2023-05-23,0050,64.19,64.96,62.57,63.38,11202273
2023-05-24,0050,63.19,63.25,62.31,63.19,7983655
2023-05-25,0050,63.45,63.71,62.35,63.03,8466540
2023-05-26,0050,62.69,63.27,62.11,62.49,7225871
2023-05-29,0050,62.76,63.63,62.43,62.87,9970196
2023-05-30,0050,62.77,63.5,62.24,63.06,9894121
2023-05-31,0050,62.8,63.32,62.01,63.01,9606640
2023-06-01,0050,62.96,63.53,62.22,62.7,9172472
2023-06-02,0050,62.77,63.92,62.28,63.32,8354756
2023-06-05,0050,63.19,63.48,62.76,63.15,7429752
2023-06-06,0050,63.29,63.76,62.64,62.94,6984400
2023-06-07,0050,62.79,63.71,62.45,63.03,10107567
2023-06-08,0050,63.19,65.2,62.78,64.33,9113570
2023-06-09,0050,64.45,65.02,62.5,63.31,6949088
2023-06-12,0050,63.3,64.31,62.98,63.91,7863435
2023-06-13,0050,63.8,64.17,62.09,62.48,7337953
2023-06-14,0050,62.52,63.17,62.36,62.66,6274179
2023-06-15,0050,62.79,64.21,62.24,63.86,7880442
2023-06-16,0050,64.38,64.82,63.51,64.25,7035600
2023-06-19,0050,64.49,64.6,63.59,64.39,6348313
2023-06-20,0050,64.65,65.37,63.54,63.98,5742036
2023-06-21,0050,64.77,64.86,63.49,64.02,5626849
2023-06-22,0050,64.15,64.42,63.5,63.84,6943062
2023-06-23,0050,63.96,64.37,62.74,63.25,7282386
2023-06-26,0050,63.43,64.32,62.59,63.05,6296709
2023-06-27,0050,62.79,63.49,62.4,63.21,8266122
2023-06-28,0050,63.1,63.31,62.24,62.65,7252481
2023-06-29,0050,62.52,62.76,61.57,62.06,8131610
2023-06-30,0050,62.22,63.01,60.77,61.06,7088314
2023-07-03,0050,61.02,61.68,60.71,61.36,6358670
2023-07-04,0050,61.4,61.9,60.61,61.78,7484595
2023-07-05,0050,62.05,63.1,60.92,61.97,5850352
2023-07-06,0050,62.18,63.22,62.11,62.7,8109406
2023-07-07,0050,62.66,62.88,62.6,62.78,6234105
2023-07-10,0050,62.61,63.46,62.48,63.09,8735890
2023-07-11,0050,63.38,63.78,62.98,63.34,6995693
2023-07-12,0050,63.53,64.13,62.68,63.28,9044296
2023-07-13,0050,62.88,63.74,62.35,62.9,6135229
2023-07-14,0050,62.82,65.07,62.4,64.58,6685340
2023-07-17,0050,64.63,64.88,63.73,64.25,8140138
2023-07-18,0050,64.45,65.04,63.55,63.75,9447492
2023-07-19,0050,63.98,64.31,63.66,64.1,10405526
2023-07-20,0050,64.17,64.43,63.79,64.31,7826494
2023-07-21,0050,64.46,64.53,63.22,63.24,10902414
2023-07-24,0050,63.26,64.13,63.17,64.11,7497253
2023-07-25,0050,63.94,64.21,63.84,64.05,9711105
2023-07-26,0050,63.99,64.07,62.64,63.22,6786995
2023-07-27,0050,63.22,64.6,62.78,64.13,8754805
2023-07-28,0050,64.12,64.71,63.58,64.63,5376557
2023-07-31,0050,64.14,64.57,63.58,63.67,6762800
2023-08-01,0050,63.57,65.16,63.56,65.04,9090628
2023-08-02,0050,65.05,65.84,64.49,65.57,6666099
2023-08-03,0050,65.5,65.81,65.16,65.58,9209489
2023-08-04,0050,65.51,67.65,64.8,66.85,10142143
2023-08-07,0050,66.98,67.23,66.89,66.99,7952318
2023-08-08,0050,66.7,67.62,66.08,66.99,7384862
2023-08-09,0050,66.55,66.94,66.31,66.47,8154583
2023-08-10,0050,66.38,67.34,65.7,66.95,7539038
2023-08-11,0050,67.16,67.53,65.89,67.35,8896142
2023-08-14,0050,67.81,68.2,67.17,67.38,9318187
2023-08-15,0050,67.59,67.79,66.17,66.76,8741655
2023-08-16,0050,66.37,67.33,66.28,66.88,12603369
2023-08-17,0050,66.82,67.18,66.3,66.84,8266981
2023-08-18,0050,66.91,67.06,65.45,65.79,12196685
2023-08-21,0050,65.83,66.49,64.22,64.64,7940428
2023-08-22,0050,64.78,65.6,64.63,65.1,9785423
2023-08-23,0050,64.86,65.13,62.5,63.08,12047495
2023-08-24,0050,63.1,63.67,63.08,63.25,12029095
2023-08-25,0050,63.36,63.72,62.21,62.9,9165892
2023-08-28,0050,63.11,64.07,62.84,63.91,11002796
2023-08-29,0050,63.7,64.1,56.85,56.87,37846873
2023-08-30,0050,56.8,57.54,56.09,57.34,9153549
2023-08-31,0050,56.72,57.21,56.39,57.08,11338094
2023-09-01,0050,56.94,57.2,56.16,57.17,14269290
2023-09-04,0050,57.05,57.96,56.43,57.69,11166496
2023-09-05,0050,57.46,57.93,57.22,57.39,11412209
2023-09-06,0050,57.42,58.27,57.1,58.09,11681705
2023-09-07,0050,58.07,59.01,57.04,57.41,7987818
2023-09-08,0050,56.89,58.18,56.2,57.63,11326501
2023-09-11,0050,57.68,58.93,57.23,58.28,8708045
2023-09-12,0050,58.06,59.29,57.67,58.75,9427083
2023-09-13,0050,58.87,60.93,58.56,60.12,15501810
2023-09-14,0050,59.81,59.98,59.24,59.58,10052247
2023-09-15,0050,59.59,59.84,57.96,58.61,9218944
2023-09-18,0050,58.55,58.79,57.58,57.93,12969440
2023-09-19,0050,58.0,58.88,57.74,58.4,8888140
2023-09-20,0050,58.43,59.15,58.21,58.77,9722689
2023-09-21,0050,58.71,59.27,58.48,58.85,13184670
2023-09-22,0050,58.49,59.15,58.05,58.07,10598180
2023-09-25,0050,57.73,59.06,57.56,58.62,7926318
2023-09-26,0050,58.49,59.02,57.08,57.78,11553891
2023-09-27,0050,57.77,58.73,57.48,58.59,9728970
2023-09-28,0050,58.45,60.72,57.94,60.62,13743379
2023-09-29,0050,60.77,61.66,60.53,60.9,9306675
2023-10-02,0050,60.83,61.73,60.33,61.34,12491942
2023-10-03,0050,61.1,61.32,60.67,60.99,14169181
2023-10-04,0050,60.93,61.14,59.44,59.68,8788335
2023-10-05,0050,59.74,59.94,58.87,59.27,9840908
2023-10-06,0050,59.34,59.53,58.27,58.5,10865579
2023-10-09,0050,58.94,59.0,57.36,57.5,8630017
2023-10-10,0050,57.35,58.71,56.79,58.71,10503995
2023-10-11,0050,58.69,59.22,58.28,58.91,9542694
2023-10-12,0050,59.01,59.41,58.73,59.2,9439918
2023-10-13,0050,59.19,59.81,58.87,58.99,9878101
2023-10-16,0050,58.87,59.31,58.87,58.88,9840052
2023-10-17,0050,58.52,60.0,58.12,59.58,9923853
2023-10-18,0050,59.46,59.75,58.72,59.57,8577726
2023-10-19,0050,59.32,60.3,58.91,59.97,8569992
2023-10-20,0050,59.55,60.29,59.52,59.84,9187447
2023-10-23,0050,59.65,60.18,59.2,59.61,9224670
2023-10-24,0050,59.36,59.69,58.28,58.62,8512112
2023-10-25,0050,58.75,59.36,56.7,57.24,9671204
2023-10-26,0050,57.38,57.73,56.6,57.08,6516833
2023-10-27,0050,56.87,57.65,56.53,57.13,7843083
2023-10-30,0050,57.07,57.3,55.8,56.26,8420720
2023-10-31,0050,55.84,56.32,55.73,56.25,7514794
2023-11-01,0050,56.14,56.7,56.12,56.3,11635700
2023-11-02,0050,56.39,56.89,54.57,54.86,8619723
2023-11-03,0050,55.04,55.5,53.86,54.27,8778731
2023-11-06,0050,54.12,54.97,54.09,54.55,7717117
2023-11-07,0050,54.78,55.07,54.3,54.82,8310992
2023-11-08,0050,54.49,54.64,53.58,54.07,6631249
2023-11-09,0050,53.8,54.63,53.47,54.19,7926802
2023-11-10,0050,54.34,55.29,54.2,54.87,6838906
2023-11-13,0050,55.23,55.6,55.12,55.39,7629787
2023-11-14,0050,55.5,56.08,54.78,55.34,5013719
2023-11-15,0050,55.33,55.47,55.04,55.05,6431427
2023-11-16,0050,54.56,54.84,54.0,54.64,10169137
2023-11-17,0050,54.2,55.65,53.91,54.96,9000776
2023-11-20,0050,54.99,55.63,54.68,55.11,9753873
2023-11-21,0050,55.03,55.79,54.98,55.54,9804765
2023-11-22,0050,55.29,56.04,54.99,55.64,8563708
2023-11-23,0050,55.65,60.53,55.18,60.14,24324047
2023-11-24,0050,60.16,60.52,60.12,60.22,6220635
2023-11-27,0050,60.45,60.95,59.96,60.8,9169765
2023-11-28,0050,60.83,61.81,60.45,61.45,7512941
2023-11-29,0050,61.75,62.04,60.67,60.87,11588864
2023-11-30,0050,60.88,61.3,59.01,59.57,6904314
2023-12-01,0050,59.54,61.33,59.37,60.69,10489482
2023-12-04,0050,60.95,61.23,60.44,60.89,7135443
2023-12-05,0050,60.65,60.76,56.17,56.88,32630937
2023-12-06,0050,57.52,57.94,55.75,56.41,9942313
2023-12-07,0050,56.49,57.21,56.07,56.95,6094137
2023-12-08,0050,57.03,57.34,56.5,56.77,6718723
2023-12-11,0050,56.89,57.16,56.24,56.43,6096250
2023-12-12,0050,56.86,58.26,56.59,57.4,5896142
2023-12-13,0050,57.58,57.75,56.23,56.69,8318595
2023-12-14,0050,56.33,56.58,56.01,56.16,7144928
2023-12-15,0050,56.48,56.81,55.81,56.32,7502384
2023-12-18,0050,56.24,56.76,55.42,56.6,8252545
2023-12-19,0050,56.62,57.49,56.29,56.95,5372294
2023-12-20,0050,56.66,58.12,56.62,57.58,9515725
2023-12-21,0050,57.71,58.07,57.67,57.74,7133229
2023-12-22,0050,57.59,58.37,57.06,58.09,8416610
2023-12-25,0050,58.11,58.44,57.59,57.92,8613638
2023-12-26,0050,57.86,58.3,57.31,57.98,9934787
2023-12-27,0050,58.43,58.76,57.85,58.07,7679148
2023-12-28,0050,58.53,58.84,57.69,58.23,5384801
2023-12-29,0050,58.25,59.2,57.93,58.79,8043814
2024-01-01,0050,58.8,59.73,58.62,59.2,8329718
2024-01-02,0050,59.11,59.31,58.85,59.24,6732037
2024-01-03,0050,59.5,59.61,58.61,58.68,8407797
2024-01-04,0050,58.6,58.8,57.79,58.74,7747591
2024-01-05,0050,58.64,59.29,58.32,58.74,6557278
2024-01-08,0050,58.97,59.38,58.38,58.89,9517771
2024-01-09,0050,58.76,60.95,58.54,60.46,7697737
2024-01-10,0050,60.45,60.47,59.99,60.1,7999662
2024-01-11,0050,59.72,61.21,59.42,60.42,8000052
2024-01-12,0050,60.59,61.43,59.96,61.21,10970880
2024-01-15,0050,61.68,62.09,61.06,61.3,8807379
2024-01-16,0050,61.47,63.62,61.32,63.03,9090312
2024-01-17,0050,63.4,63.53,62.34,62.76,8360884
2024-01-18,0050,62.55,63.26,62.05,63.02,9934019
2024-01-19,0050,63.08,63.5,61.65,62.43,11765050
2024-01-22,0050,62.2,63.28,61.72,62.18,10467642
2024-01-23,0050,62.13,62.83,61.59,62.39,10638872
2024-01-24,0050,62.58,63.82,62.02,63.03,10580029
2024-01-25,0050,63.06,63.98,62.97,63.29,7464163
2024-01-26,0050,62.93,64.74,62.8,64.26,8242365
2024-01-29,0050,63.93,64.34,63.82,64.21,9376672
2024-01-30,0050,63.85,64.62,63.81,63.97,8604498
2024-01-31,0050,64.09,66.06,63.5,66.06,8156448
2024-02-01,0050,66.6,67.43,65.91,66.39,7103374
2024-02-02,0050,66.75,67.2,65.34,65.75,27514733
2024-02-05,0050,65.26,65.56,64.94,65.22,9626833
2024-02-06,0050,65.59,65.9,63.58,64.5,10016535
2024-02-07,0050,64.74,65.81,64.59,65.24,8842661
2024-02-08,0050,64.84,65.3,63.92,64.97,10399267
2024-02-09,0050,64.9,65.67,64.88,65.09,9527746
2024-02-12,0050,65.37,65.54,62.79,62.96,44066652
2024-02-13,0050,63.1,63.58,62.92,63.53,10088991
2024-02-14,0050,63.19,63.56,62.43,62.9,11814552
2024-02-15,0050,63.05,63.44,62.0,62.1,10843594
2024-02-16,0050,61.57,62.57,61.47,62.28,8143094
2024-02-19,0050,62.23,63.43,62.2,62.75,10332668
2024-02-20,0050,63.03,63.2,62.44,63.01,8421922
2024-02-21,0050,63.02,63.48,61.87,62.42,10328869
2024-02-22,0050,62.29,63.34,61.47,62.94,9216228
2024-02-23,0050,63.17,63.18,62.19,62.4,11291580
2024-02-26,0050,62.64,62.68,61.59,62.02,8276531
2024-02-27,0050,62.35,62.72,61.28,61.33,10558883
2024-02-28,0050,61.55,63.17,61.26,62.31,11659955
2024-02-29,0050,62.58,63.32,62.33,62.8,12364507
2024-03-01,0050,62.98,63.32,62.48,63.27,9132008
2024-03-04,0050,63.33,64.64,62.7,64.23,10484976
2024-03-05,0050,64.25,67.01,63.61,66.41,10770930
2024-03-06,0050,66.35,66.72,64.9,65.07,13717774
2024-03-07,0050,64.75,65.44,63.86,64.51,7921897
2024-03-08,0050,64.26,64.42,63.67,64.05,8739861
2024-03-11,0050,63.97,64.45,63.11,63.41,16977499
2024-03-12,0050,63.47,64.07,62.41,62.61,9705569
2024-03-13,0050,62.97,63.23,62.16,62.4,7212668
2024-03-14,0050,62.39,62.65,60.7,61.5,9073142
2024-03-15,0050,61.75,62.14,61.3,61.76,6082108
2024-03-18,0050,62.03,62.54,61.4,61.82,10384447
2024-03-19,0050,61.76,62.56,61.45,62.19,11421953
2024-03-20,0050,62.34,63.2,61.35,62.58,8315836
2024-03-21,0050,62.52,63.31,61.82,63.05,8932389
2024-03-22,0050,63.39,63.43,62.59,62.79,11387439
2024-03-25,0050,62.94,65.29,62.64,64.4,6977963
2024-03-26,0050,64.09,64.83,63.76,64.6,7472122
2024-03-27,0050,64.64,64.88,62.75,63.17,9016092
2024-03-28,0050,63.59,63.95,62.23,62.42,8128912
2024-03-29,0050,62.38,62.77,60.66,61.14,8745294
2024-04-01,0050,61.25,61.52,60.44,61.16,7274058
2024-04-02,0050,61.3,61.66,61.04,61.09,9398800
2024-04-03,0050,60.84,61.19,60.67,60.76,8716567
2024-04-04,0050,60.89,62.66,60.64,62.24,9785650
2024-04-05,0050,61.9,62.88,61.63,62.67,9097799
2024-04-08,0050,62.51,64.09,61.64,63.23,9016135
2024-04-09,0050,63.5,63.85,61.91,62.54,6628056
2024-04-10,0050,62.63,63.15,61.2,61.81,9301405
2024-04-11,0050,61.73,61.88,61.43,61.85,7939461
2024-04-12,0050,61.96,62.25,61.66,61.99,8096245
2024-04-15,0050,61.98,62.18,60.62,60.63,9975995
2024-04-16,0050,60.63,61.35,59.96,60.51,7186877
2024-04-17,0050,60.67,60.89,60.05,60.54,10333802
2024-04-18,0050,60.36,60.94,59.69,60.4,10411301
2024-04-19,0050,60.41,60.61,59.51,59.82,9109614
2024-04-22,0050,59.75,60.0,59.13,59.45,6609846
2024-04-23,0050,59.07,60.52,58.68,60.21,18465077
2024-04-24,0050,59.99,60.97,59.42,60.29,9419592
2024-04-25,0050,60.67,60.84,60.67,60.75,7853879
2024-04-26,0050,60.84,61.6,60.3,61.55,6683351
2024-04-29,0050,61.22,61.46,60.86,61.35,9377053
2024-04-30,0050,60.97,61.13,60.86,61.03,6460562
2024-05-01,0050,61.0,61.53,60.86,61.36,6950086
2024-05-02,0050,61.75,61.86,61.41,61.83,8202565
2024-05-03,0050,61.78,61.97,60.8,61.52,6079772
2024-05-06,0050,61.84,62.25,61.06,62.12,7255536
2024-05-07,0050,62.21,62.99,61.75,62.87,8972799
2024-05-08,0050,62.99,64.55,62.11,63.86,7640609
2024-05-09,0050,63.52,65.73,63.15,65.24,9188886
2024-05-10,0050,65.48,65.92,63.94,64.57,8990364
2024-05-13,0050,64.49,64.73,64.22,64.6,7336178
2024-05-14,0050,64.82,64.83,64.37,64.63,4810537
2024-05-15,0050,64.42,64.66,64.2,64.57,6007790
2024-05-16,0050,64.61,64.99,63.94,64.08,8421967
2024-05-17,0050,64.17,64.78,62.25,62.95,5564525
2024-05-20,0050,62.91,63.64,62.7,63.04,6954036
2024-05-21,0050,63.14,63.68,62.3,62.47,7864557
2024-05-22,0050,62.41,62.74,62.33,62.55,9678447
2024-05-23,0050,62.39,62.77,61.65,61.97,6728963
2024-05-24,0050,62.37,62.66,60.37,61.17,6680729
2024-05-27,0050,61.43,61.75,60.48,61.36,7473062
2024-05-28,0050,61.17,62.35,61.13,61.48,8085985
2024-05-29,0050,61.62,61.99,61.34,61.93,7433003
2024-05-30,0050,61.74,63.89,61.63,63.57,9297653
2024-05-31,0050,63.27,64.49,62.64,63.79,6717307
2024-06-03,0050,64.06,64.19,63.6,64.18,7990140
2024-06-04,0050,63.74,63.96,63.15,63.37,8543199
2024-06-05,0050,63.6,63.85,62.01,62.4,7401700
2024-06-06,0050,62.34,63.93,62.09,63.61,9336711
2024-06-07,0050,63.55,63.58,62.13,62.92,8322290
2024-06-10,0050,63.02,63.55,61.64,62.14,9427806
2024-06-11,0050,62.29,62.83,61.59,62.13,8553558
2024-06-12,0050,61.93,62.58,61.64,62.08,8926766
2024-06-13,0050,62.26,62.41,61.07,61.42,7519377
2024-06-14,0050,61.45,61.84,60.34,61.21,7597900
2024-06-17,0050,60.91,62.28,60.22,62.13,10718271
2024-06-18,0050,62.09,62.38,61.46,61.55,9738772
2024-06-19,0050,61.89,62.79,60.24,60.53,7299010
2024-06-20,0050,60.94,61.62,60.87,61.23,9157109
2024-06-21,0050,61.41,61.69,60.62,61.61,5839942
2024-06-24,0050,61.32,61.73,60.74,61.17,8154832
2024-06-25,0050,61.29,61.32,59.84,60.02,10855695
2024-06-26,0050,60.22,60.3,59.13,59.5,9014214
2024-06-27,0050,59.67,59.78,59.21,59.47,9506639
2024-06-28,0050,59.66,60.58,59.56,60.32,5457789
2024-07-01,0050,60.41,61.0,59.22,59.59,8831979
2024-07-02,0050,59.57,60.06,58.98,59.54,10161541
2024-07-03,0050,59.4,60.52,59.29,60.04,10484867
2024-07-04,0050,59.58,59.68,58.08,58.34,11560205
2024-07-05,0050,58.42,59.3,57.83,59.07,9434258
2024-07-08,0050,59.12,59.54,58.24,58.25,9582073
2024-07-09,0050,58.38,58.7,57.98,58.5,7823261
2024-07-10,0050,58.19,58.97,57.82,58.69,9649221
2024-07-11,0050,58.84,59.93,58.08,59.46,8028838
2024-07-12,0050,59.95,60.23,59.57,59.87,7268503
2024-07-15,0050,59.89,60.3,57.87,58.18,8385280
2024-07-16,0050,58.16,58.88,57.1,57.65,13444972
2024-07-17,0050,57.72,58.06,57.68,57.76,9807543
2024-07-18,0050,58.23,58.85,57.34,57.64,10759744
2024-07-19,0050,57.4,58.46,57.16,57.98,9466393
2024-07-22,0050,58.03,58.55,57.71,58.54,7548710
2024-07-23,0050,58.36,59.08,57.81,58.99,12369380
2024-07-24,0050,58.86,59.01,58.37,58.85,7087407
2024-07-25,0050,58.84,58.99,57.39,57.56,9502773
2024-07-26,0050,57.87,58.2,56.88,57.26,10415368
2024-07-29,0050,57.67,58.16,56.87,57.56,10976986
2024-07-30,0050,57.66,58.3,56.67,56.82,9246812
2024-07-31,0050,56.74,57.68,56.36,57.27,7572102
2024-08-01,0050,57.84,58.15,57.53,57.9,9123892
2024-08-02,0050,57.81,58.14,57.47,58.01,9203981
2024-08-05,0050,57.87,58.24,55.86,55.89,9153219
2024-08-06,0050,55.49,55.83,54.4,55.05,12506589
2024-08-07,0050,55.35,56.68,55.19,56.31,8424252
2024-08-08,0050,56.52,57.34,55.38,55.95,11036373
2024-08-09,0050,56.49,57.11,54.44,54.63,10724319
2024-08-12,0050,54.33,55.96,54.14,55.46,12347472
2024-08-13,0050,55.78,55.9,54.88,55.48,10101755
2024-08-14,0050,55.49,56.45,54.94,56.23,11878635
2024-08-15,0050,56.41,56.75,56.02,56.43,9940055
2024-08-16,0050,56.06,56.92,55.55,56.75,11029518
2024-08-19,0050,57.09,57.54,56.74,57.01,7738866
2024-08-20,0050,57.19,57.93,56.85,57.51,6270730
2024-08-21,0050,57.5,59.19,57.3,59.09,10722556
2024-08-22,0050,59.24,60.44,58.67,59.8,10753539
2024-08-23,0050,59.61,59.99,58.49,58.68,10762625
2024-08-26,0050,58.54,59.06,57.84,59.01,8921992
2024-08-27,0050,58.9,60.18,58.62,59.83,12722119
2024-08-28,0050,59.39,61.14,59.02,60.71,8884275
2024-08-29,0050,60.92,61.52,59.87,60.41,10323159
2024-08-30,0050,60.7,61.56,60.33,61.27,10558784
2024-09-02,0050,61.1,62.55,60.81,61.97,12811340
2024-09-03,0050,62.05,64.33,61.69,63.9,8799453
2024-09-04,0050,63.83,63.88,62.73,63.34,8205167
2024-09-05,0050,63.42,63.44,62.76,62.97,6980128
2024-09-06,0050,62.81,63.47,62.41,62.75,11969842
2024-09-09,0050,62.53,63.2,62.02,62.4,9668875
2024-09-10,0050,62.66,63.12,61.16,61.75,9627209
2024-09-11,0050,61.73,62.47,59.38,59.72,15393622
2024-09-12,0050,60.2,60.81,58.63,59.42,9219388
2024-09-13,0050,59.43,60.22,59.11,59.7,6808815
2024-09-16,0050,59.48,59.62,59.06,59.36,8225363
2024-09-17,0050,59.65,61.54,59.33,60.75,7077496
2024-09-18,0050,60.91,61.4,60.73,60.78,7776463
2024-09-19,0050,60.95,62.01,60.84,61.73,7690492
2024-09-20,0050,62.03,62.24,61.7,61.94,7367149
2024-09-23,0050,61.78,63.01,61.13,62.57,6311265
2024-09-24,0050,62.54,62.84,62.17,62.8,10702023
2024-09-25,0050,62.76,64.41,62.5,63.85,8402177
2024-09-26,0050,63.52,64.04,62.82,63.9,7578576
2024-09-27,0050,63.84,64.78,63.06,64.3,8969498
2024-09-30,0050,64.65,64.9,63.89,64.6,8449944
2024-10-01,0050,64.66,64.98,64.23,64.39,8095495
2024-10-02,0050,64.05,64.91,63.79,64.72,8651525
2024-10-03,0050,64.32,66.83,63.47,66.47,7781632
2024-10-04,0050,66.92,67.82,65.81,66.27,8516624
2024-10-07,0050,66.25,67.39,65.92,66.62,8595101
2024-10-08,0050,66.45,68.15,65.86,67.65,7688538
2024-10-09,0050,67.57,68.99,66.89,68.59,7143203
2024-10-10,0050,68.18,69.26,67.93,68.62,9750315
2024-10-11,0050,69.01,69.73,66.21,66.67,6769490
2024-10-14,0050,66.57,67.28,65.92,67.1,7894337
2024-10-15,0050,67.47,67.85,65.24,65.33,7910009
2024-10-16,0050,65.34,66.58,64.95,66.5,6569822
2024-10-17,0050,66.88,67.58,66.55,66.65,6334770
2024-10-18,0050,66.72,68.43,66.58,67.47,6873678
2024-10-21,0050,67.7,68.13,66.5,66.75,6708677
2024-10-22,0050,66.95,67.11,65.01,65.53,5645277
2024-10-23,0050,65.69,66.3,65.38,65.75,6540168
2024-10-24,0050,65.84,66.0,65.51,65.74,7735025
2024-10-25,0050,65.68,65.9,64.96,65.37,9290193
2024-10-28,0050,65.87,66.43,65.36,65.45,8205123
2024-10-29,0050,65.21,68.11,64.71,67.64,4671778
2024-10-30,0050,67.64,68.61,66.93,68.33,8414574
2024-10-31,0050,68.34,69.45,67.95,69.21,6818913
2024-11-01,0050,69.32,69.77,65.97,66.31,28808113
2024-11-04,0050,66.2,67.8,65.7,67.51,7617697
2024-11-05,0050,67.59,67.7,67.23,67.37,7429728
2024-11-06,0050,67.32,67.64,65.19,65.72,7609281
2024-11-07,0050,65.31,66.07,64.11,65.59,7781451
2024-11-08,0050,65.59,66.6,65.23,66.25,10035768
2024-11-11,0050,65.96,65.98,65.13,65.49,7919649
2024-11-12,0050,65.04,66.02,64.45,65.37,9750409
2024-11-13,0050,65.41,65.73,64.03,64.84,9586831
2024-11-14,0050,64.97,66.31,64.33,66.03,9214711
2024-11-15,0050,66.17,66.87,65.99,66.64,5982641
2024-11-18,0050,66.79,67.23,65.97,66.52,35662136
2024-11-19,0050,66.0,67.58,64.93,67.03,7751704
2024-11-20,0050,66.67,67.72,66.1,67.02,9672204
2024-11-21,0050,67.55,67.76,67.1,67.19,7210321
2024-11-22,0050,66.91,67.47,65.78,66.25,7010581
2024-11-25,0050,66.42,66.87,64.48,64.53,12511349
2024-11-26,0050,64.35,64.72,63.65,64.66,7453902
2024-11-27,0050,64.68,65.82,64.54,64.93,10993764
2024-11-28,0050,64.77,65.91,64.36,65.89,9228306
2024-11-29,0050,66.04,67.66,65.87,67.15,8458209
2024-12-02,0050,67.19,68.95,66.93,68.43,9136987
2024-12-03,0050,68.31,68.79,66.82,67.63,7357053
2024-12-04,0050,67.34,67.63,66.91,67.36,9361715
2024-12-05,0050,67.43,68.4,67.18,67.76,7793009
2024-12-06,0050,67.44,69.86,67.34,69.84,8896898
2024-12-09,0050,69.96,71.51,69.86,71.1,11380758
2024-12-10,0050,71.85,72.34,71.77,72.07,10168735
2024-12-11,0050,72.46,72.7,71.29,71.75,7498129
2024-12-12,0050,71.96,72.52,70.31,71.01,11499035
2024-12-13,0050,70.99,72.44,70.72,71.7,9923666
2024-12-16,0050,71.15,71.47,69.9,70.77,9074346
2024-12-17,0050,70.4,71.23,70.18,70.59,11518056
2024-12-18,0050,70.95,71.39,70.15,70.51,9830589
2024-12-19,0050,70.29,72.05,70.17,71.87,8260289
2024-12-20,0050,71.67,72.03,70.87,71.59,14284239
2024-12-23,0050,71.54,71.88,68.51,69.51,10260397
2024-12-24,0050,69.21,70.17,69.14,69.95,10187660
2024-12-25,0050,69.6,70.14,69.06,69.38,9649382
2024-12-26,0050,69.36,69.91,68.6,69.43,12880943
2024-12-27,0050,69.18,69.4,69.17,69.37,9506434
2024-12-30,0050,69.17,69.21,68.59,69.16,7932647
2024-12-31,0050,68.95,70.38,68.2,69.84,9291474
2025-01-01,0050,69.98,70.18,68.14,68.57,13353663
2025-01-02,0050,68.51,69.0,67.6,68.16,12231326
2025-01-03,0050,68.11,69.37,67.22,68.74,10065262
2025-01-06,0050,68.9,68.97,67.31,68.25,13497237
2025-01-07,0050,68.21,68.23,66.56,66.95,12058431
2025-01-08,0050,66.87,68.36,66.62,67.5,10039360
2025-01-09,0050,67.63,68.94,67.47,68.43,10211670
2025-01-10,0050,68.61,68.91,67.73,68.41,11146217
2025-01-13,0050,68.37,68.52,66.78,66.82,9025433
2025-01-14,0050,66.84,67.67,66.5,67.4,10465653
2025-01-15,0050,67.19,67.27,65.65,66.07,11021686
2025-01-16,0050,65.85,66.97,65.58,66.34,7669651
2025-01-17,0050,66.54,66.73,65.18,65.65,10004089
2025-01-20,0050,65.76,66.44,63.7,64.75,9759379
2025-01-21,0050,64.87,65.15,64.07,64.42,12343221
2025-01-22,0050,64.49,64.61,64.02,64.3,7322108
2025-01-23,0050,64.31,64.58,63.17,63.81,9475185
2025-01-24,0050,63.99,64.57,63.55,64.28,9250416
2025-01-27,0050,64.52,64.88,63.2,63.95,11915533
2025-01-28,0050,64.19,65.07,63.76,64.72,9879468
2025-01-29,0050,64.7,65.56,64.37,64.96,13660330
2025-01-30,0050,65.32,65.42,64.36,64.43,11055729
2025-01-31,0050,64.49,65.17,63.74,63.78,9044228
2025-02-03,0050,63.94,64.53,62.45,62.53,10084547
2025-02-04,0050,62.6,63.45,62.13,62.76,8986579
2025-02-05,0050,62.83,63.19,62.48,62.51,11083685
2025-02-06,0050,62.33,62.96,60.08,60.75,7404185
2025-02-07,0050,60.92,60.93,60.0,60.37,8039727
2025-02-10,0050,61.06,61.6,59.44,59.74,10027068
2025-02-11,0050,59.65,61.06,59.49,60.88,11407969
2025-02-12,0050,60.9,60.93,59.14,59.65,6095600
2025-02-13,0050,59.54,59.63,58.47,58.63,11489485
2025-02-14,0050,58.52,59.79,58.4,59.43,8660711
2025-02-17,0050,59.8,60.58,59.15,60.41,6264096
2025-02-18,0050,60.25,60.7,59.44,59.89,5070698
2025-02-19,0050,59.77,59.85,59.15,59.45,6542608
2025-02-20,0050,59.07,60.05,58.56,59.9,8498798
2025-02-21,0050,59.72,60.41,57.89,58.25,8343642
2025-02-24,0050,57.85,58.4,56.53,56.96,9368052
2025-02-25,0050,57.1,57.21,56.63,56.78,7496989
2025-02-26,0050,57.42,58.2,56.6,57.85,6713966
2025-02-27,0050,57.77,58.35,57.35,57.56,7536015
2025-02-28,0050,57.18,58.09,56.48,57.65,8090828
2025-03-03,0050,57.85,58.83,57.55,58.45,8307087
2025-03-04,0050,58.28,60.56,57.74,59.94,6853106
2025-03-05,0050,60.25,60.44,59.01,59.54,9212145
2025-03-06,0050,59.47,59.91,58.84,59.54,6946836
2025-03-07,0050,59.39,61.22,59.23,60.86,6592045
2025-03-10,0050,60.81,61.11,59.15,59.76,6941312
2025-03-11,0050,59.94,60.78,59.14,60.51,9223618
2025-03-12,0050,60.46,60.84,59.49,59.79,7374772
2025-03-13,0050,59.67,60.25,59.3,59.88,6627020
2025-03-14,0050,59.83,59.94,59.49,59.72,8825284
2025-03-17,0050,59.41,59.96,58.77,59.05,10934791
2025-03-18,0050,59.14,59.26,57.62,58.36,7690098
2025-03-19,0050,57.95,58.87,57.83,58.57,9215075
2025-03-20,0050,58.47,59.57,58.34,59.29,8867928
2025-03-21,0050,59.47,59.91,58.47,59.21,6584931
2025-03-24,0050,59.28,59.43,58.77,59.27,7367731
2025-03-25,0050,59.41,60.27,58.55,59.7,5816196
2025-03-26,0050,59.68,59.88,58.77,59.01,7060247
2025-03-27,0050,59.29,60.2,58.91,59.55,6548249
2025-03-28,0050,59.77,60.4,59.57,60.15,6825114
2025-03-31,0050,60.26,62.41,59.86,62.05,6423942
2025-04-01,0050,62.28,63.13,61.72,61.78,6999781
2025-04-02,0050,61.97,62.27,60.92,61.46,8138021
2025-04-03,0050,61.35,62.72,60.9,62.04,7264904
2025-04-04,0050,61.71,63.05,61.35,62.67,5330291
2025-04-07,0050,62.77,63.25,62.0,62.28,6551603
2025-04-08,0050,62.42,62.81,61.84,61.99,5732220
2025-04-09,0050,62.27,63.0,61.71,62.41,7922026
2025-04-10,0050,62.18,62.38,61.73,61.81,8355701
2025-04-11,0050,61.58,61.71,61.02,61.52,8049704
2025-04-14,0050,61.63,61.85,60.72,61.6,6721291
2025-04-15,0050,61.58,62.75,60.85,62.35,8161406
2025-04-16,0050,61.88,62.23,61.88,61.92,7233409
2025-04-17,0050,62.01,62.56,60.33,60.56,6469780
2025-04-18,0050,60.11,60.79,58.73,59.18,9157463
2025-04-21,0050,58.96,59.08,57.97,58.31,9370223
2025-04-22,0050,58.62,58.8,57.38,57.4,9685190
2025-04-23,0050,57.82,57.83,56.88,57.31,7389034
2025-04-24,0050,57.03,57.84,56.17,56.51,10294917
2025-04-25,0050,56.43,56.84,55.28,56.04,7694549
2025-04-28,0050,56.05,56.5,55.26,55.54,9555056
2025-04-29,0050,55.93,55.97,54.67,55.26,7827290
2025-04-30,0050,55.15,56.48,55.1,56.15,8326372
2025-05-01,0050,56.04,57.06,55.93,56.61,5663756
2025-05-02,0050,56.96,57.24,56.13,56.63,8378502
2025-05-05,0050,56.55,57.13,55.75,56.33,9083436
2025-05-06,0050,56.5,57.36,55.93,56.05,8382864
2025-05-07,0050,55.72,56.41,55.38,56.29,12502463
2025-05-08,0050,56.25,56.81,56.22,56.7,7464999
2025-05-09,0050,56.32,56.46,55.8,56.09,8393857
2025-05-12,0050,55.86,56.83,55.34,56.13,7967230
2025-05-13,0050,56.32,56.89,54.55,54.78,8548653
2025-05-14,0050,54.77,55.23,54.49,54.93,11492513
2025-05-15,0050,54.86,55.79,54.78,55.45,12561070
2025-05-16,0050,55.28,55.43,55.09,55.28,8556034
2025-05-19,0050,55.23,57.03,54.51,56.49,8589581
2025-05-20,0050,56.56,56.82,55.56,55.91,8004405
2025-05-21,0050,56.13,56.41,55.96,56.07,12561619
2025-05-22,0050,55.48,56.53,55.22,56.06,12233468
2025-05-23,0050,55.87,56.3,55.85,56.01,9873205
2025-05-26,0050,56.04,56.33,55.84,55.94,7875240
2025-05-27,0050,55.92,56.37,55.28,56.03,8048970
2025-05-28,0050,56.12,57.13,55.82,56.61,10556792
2025-05-29,0050,56.67,58.29,55.91,57.56,11356957
2025-05-30,0050,57.49,58.06,57.17,57.58,7124282
2025-06-02,0050,57.46,58.69,57.12,58.15,9792418
2025-06-03,0050,58.1,58.4,57.19,57.68,13933879
2025-06-04,0050,57.94,58.41,57.67,58.22,10044390
2025-06-05,0050,58.05,58.55,57.31,57.71,13694326
2025-06-06,0050,57.69,58.87,57.36,58.48,11797599
2025-06-09,0050,58.52,60.06,57.82,60.04,8650826
2025-06-10,0050,60.42,60.7,59.38,59.97,9988507
2025-06-11,0050,59.9,60.24,58.32,58.41,10296181
2025-06-12,0050,58.63,58.86,57.4,58.04,8880322
2025-06-13,0050,58.32,59.61,58.03,58.91,8851571
2025-06-16,0050,58.89,59.78,58.75,59.31,13815626
2025-06-17,0050,59.26,60.19,58.86,59.51,8825084
2025-06-18,0050,59.43,60.67,59.12,60.24,12757444
2025-06-19,0050,60.18,60.99,59.45,60.61,9693325
2025-06-20,0050,60.81,61.65,60.37,61.51,10411761
2025-06-23,0050,61.56,62.58,61.14,62.2,11539455
2025-06-24,0050,62.26,63.74,61.66,63.35,9332807
2025-06-25,0050,63.07,63.68,62.41,63.64,11469471
2025-06-26,0050,63.4,64.6,62.82,64.35,7133902
2025-06-27,0050,64.9,65.21,63.38,64.13,11108167
2025-06-30,0050,64.08,64.57,63.14,63.68,6547554
2025-07-01,0050,63.48,65.51,63.06,65.0,9748116
2025-07-02,0050,65.37,65.61,64.47,65.19,11772260
2025-07-03,0050,65.26,66.35,64.89,65.83,11219783
2025-07-04,0050,65.98,66.33,65.54,65.95,7887307
2025-07-07,0050,65.91,66.27,64.65,65.5,8015410
2025-07-08,0050,65.42,65.79,64.6,65.52,8675729
2025-07-09,0050,65.48,67.36,65.09,66.67,10077021
2025-07-10,0050,66.3,67.18,66.02,67.13,6705444
2025-07-11,0050,67.11,67.54,64.99,65.77,9563127
2025-07-14,0050,65.85,66.66,65.01,65.61,10051250
2025-07-15,0050,66.1,67.23,65.62,67.03,8951091
2025-07-16,0050,67.06,67.46,66.56,66.88,10258653
2025-07-17,0050,66.25,66.31,64.97,65.45,9625904
2025-07-18,0050,65.43,67.79,65.04,66.95,8307172
2025-07-21,0050,67.69,68.07,67.29,67.52,6400420
2025-07-22,0050,67.75,68.17,67.04,67.48,9198222
2025-07-23,0050,67.26,69.65,66.79,68.86,26211775
2025-07-24,0050,69.03,70.38,68.72,69.78,7931285
2025-07-25,0050,69.57,69.74,68.67,69.34,9497423
2025-07-28,0050,68.96,70.55,68.2,70.31,11131008
2025-07-29,0050,70.22,71.35,69.52,70.79,8479129
2025-07-30,0050,70.81,71.26,70.47,71.01,9337834
2025-07-31,0050,70.48,71.33,69.85,71.16,6451385
2025-08-01,0050,70.83,71.43,70.38,71.02,8658686
2025-08-04,0050,71.03,71.94,70.95,71.93,8115678
2025-08-05,0050,71.82,72.71,70.58,71.2,10137427
2025-08-06,0050,71.32,71.79,69.38,69.84,7303107
2025-08-07,0050,69.5,70.54,68.36,70.37,7636579
2025-08-08,0050,70.57,71.15,69.73,70.92,9565689
2025-08-11,0050,70.58,71.46,69.96,71.35,7709914
2025-08-12,0050,71.81,71.93,71.21,71.71,6368220
2025-08-13,0050,71.22,72.17,70.75,71.45,12212257
2025-08-14,0050,71.14,73.22,71.0,72.15,6307026
2025-08-15,0050,72.27,72.91,72.06,72.13,7517947
2025-08-18,0050,72.61,73.01,71.54,71.72,8044314
2025-08-19,0050,71.81,72.12,71.06,71.47,7884347
2025-08-20,0050,71.63,73.38,71.46,73.22,7222875
2025-08-21,0050,73.23,74.27,71.44,71.72,7195285
2025-08-22,0050,71.42,72.54,71.06,72.16,7101254
2025-08-25,0050,72.02,73.06,70.37,70.73,6038696
2025-08-26,0050,70.39,71.47,70.15,70.65,10839868
2025-08-27,0050,70.29,70.37,69.97,70.3,7059546
2025-08-28,0050,70.42,70.65,67.68,68.56,8165175
2025-08-29,0050,68.25,69.13,67.66,68.9,6898585
2025-09-01,0050,68.99,69.38,68.35,68.6,6872278
2025-09-02,0050,68.25,68.64,66.51,66.89,6752073
2025-09-03,0050,66.97,68.8,66.58,67.58,5551168
2025-09-04,0050,67.45,68.88,67.25,68.76,7141257
2025-09-05,0050,69.15,70.49,68.95,70.01,6848425
2025-09-08,0050,70.1,70.92,69.4,70.33,9127403
2025-09-09,0050,70.68,71.1,66.2,66.49,20937082
2025-09-10,0050,66.28,68.0,66.18,67.56,6717051
2025-09-11,0050,67.58,69.07,67.18,68.94,6371141
2025-09-12,0050,68.67,70.35,68.23,69.9,9763810
2025-09-15,0050,69.78,70.34,68.99,69.13,6479244
2025-09-16,0050,69.05,69.82,68.65,69.31,8439254
2025-09-17,0050,69.11,70.27,68.45,69.69,9146520
2025-09-18,0050,69.35,70.16,67.66,68.2,7537999
2025-09-19,0050,67.81,69.27,66.8,68.6,6088269
2025-09-22,0050,67.96,70.93,67.21,70.49,6153094
2025-09-23,0050,70.19,71.14,69.36,71.04,9262002
2025-09-24,0050,71.22,72.58,70.0,72.32,6380372
2025-09-25,0050,71.86,72.87,71.21,72.5,8670648
2025-09-26,0050,72.1,72.96,71.62,72.45,8326516
2025-09-29,0050,72.97,73.27,72.08,72.8,8814794
2025-09-30,0050,72.61,72.78,71.83,72.11,9054700
2025-10-01,0050,72.2,72.29,70.83,71.29,7101592
2025-10-02,0050,71.47,72.43,71.23,72.39,7119665
2025-10-03,0050,72.58,73.97,72.03,73.6,9750114
2025-10-06,0050,73.15,73.16,72.5,72.74,7732816
2025-10-07,0050,72.68,73.75,72.44,73.61,5332848
2025-10-08,0050,73.13,73.87,72.57,73.55,9932455
2025-10-09,0050,74.27,74.32,73.46,73.87,7407965
2025-10-10,0050,73.4,74.85,73.27,74.29,9807236
2025-10-13,0050,73.98,75.87,73.97,75.2,11699791
2025-10-14,0050,74.89,75.58,74.78,75.29,9221650
2025-10-15,0050,74.84,76.91,74.66,76.58,11103595
2025-10-16,0050,77.0,77.63,76.3,76.89,9631174
2025-10-17,0050,77.63,77.88,76.95,77.48,12580170
2025-10-20,0050,77.34,77.56,75.94,76.73,7877562
2025-10-21,0050,76.32,79.58,75.63,78.73,9604787
2025-10-22,0050,78.03,79.95,77.23,79.2,10948051
2025-10-23,0050,79.12,80.57,78.45,79.9,9446660
2025-10-24,0050,79.79,80.57,77.84,78.37,12121144
2025-10-27,0050,78.17,78.32,76.81,77.62,9180287
2025-10-28,0050,77.69,79.69,76.94,78.79,14501151
2025-10-29,0050,78.92,79.68,78.32,79.08,14735806
2025-10-30,0050,79.18,79.98,76.43,77.29,10646339
2025-10-31,0050,77.19,78.86,76.93,78.27,11242177
2025-11-03,0050,77.92,78.41,77.4,77.78,12680408
2025-11-04,0050,77.98,79.5,77.61,79.11,8304491
2025-11-05,0050,79.12,79.71,78.21,79.05,8156698
2025-11-06,0050,79.33,79.71,78.29,79.26,13003608
2025-11-07,0050,79.51,81.17,79.5,80.41,10935545
2025-11-10,0050,79.95,79.98,78.63,79.56,10025278
2025-11-11,0050,79.1,79.41,78.53,78.63,10491948
2025-11-12,0050,78.39,79.58,78.28,78.47,6830408
2025-11-13,0050,78.13,79.54,77.74,79.26,10159135
2025-11-14,0050,79.5,79.91,77.65,78.02,9193185
2025-11-17,0050,78.13,78.32,76.46,76.48,12430232
2025-11-18,0050,76.81,77.82,76.15,77.25,12608635
2025-11-19,0050,77.37,77.61,76.04,76.71,11693181
2025-11-20,0050,76.78,77.18,75.59,76.37,11311755
2025-11-21,0050,76.74,77.46,74.37,74.69,8037550
2025-11-24,0050,74.83,75.07,73.66,74.1,11687049
2025-11-25,0050,74.12,74.8,73.67,74.11,11745974
2025-11-26,0050,74.55,75.65,73.6,74.96,13091260
2025-11-27,0050,74.99,75.76,73.88,74.28,15275055
2025-11-28,0050,74.19,76.27,74.03,75.78,7667285
2025-12-01,0050,75.52,76.95,74.72,75.17,9659390
2025-12-02,0050,75.38,76.15,74.45,74.58,9025380
2025-12-03,0050,74.94,76.52,74.57,75.97,10591577
2025-12-04,0050,75.95,76.37,75.54,76.18,10240544
2025-12-05,0050,76.58,77.01,75.44,75.7,9740836
2025-12-08,0050,75.1,76.46,74.63,75.57,12152623
2025-12-09,0050,75.56,77.81,74.91,76.82,8232112
2025-12-10,0050,76.81,79.12,76.42,78.19,8266697
2025-12-11,0050,77.96,78.68,77.12,77.44,8233804
2025-12-12,0050,78.18,78.26,77.01,77.42,9210721
2025-12-15,0050,77.4,78.14,76.94,77.53,7817473
2025-12-16,0050,77.4,77.48,76.55,76.63,9590030
2025-12-17,0050,76.64,76.64,76.0,76.6,9312284
2025-12-18,0050,75.98,77.15,75.66,76.62,8255844
2025-12-19,0050,76.39,78.32,75.54,77.69,11032870
2025-12-22,0050,77.99,79.59,77.34,78.83,9241970
2025-12-23,0050,78.63,79.26,77.7,78.54,11205285
2025-12-24,0050,78.28,79.0,78.13,78.36,8850265
2025-12-25,0050,78.77,79.17,78.41,79.0,9038356
2025-12-26,0050,79.43,79.87,78.39,78.47,8122698
2025-12-29,0050,78.63,79.04,78.38,79.04,8888054
2025-12-30,0050,78.9,79.14,78.03,78.98,10015188
2025-12-31,0050,78.9,79.61,77.15,78.08,8098885
2021-01-01,2330,580.6,585.63,569.51,574.49,10383340
2021-01-04,2330,572.28,585.02,568.84,579.86,6176049
2021-01-05,2330,579.15,583.05,566.64,575.97,9098685
2021-01-06,2330,580.13,588.04,577.55,582.0,10493574
2021-01-07,2330,580.92,589.03,576.68,582.58,10084493
2021-01-08,2330,581.91,598.85,571.83,593.35,5809523
2021-01-11,2330,591.12,593.37,581.32,585.29,7331906
2021-01-12,2330,587.97,592.66,571.77,575.06,6850045
2021-01-13,2330,567.56,575.52,566.39,570.96,9558544
2021-01-14,2330,569.94,571.5,554.81,561.61,9448349
2021-01-15,2330,561.51,561.66,551.68,552.43,5439794
2021-01-18,2330,550.97,557.86,546.73,556.69,8438502
2021-01-19,2330,558.62,562.12,554.52,556.8,10363945
2021-01-20,2330,559.48,563.5,550.83,553.74,9278768
2021-01-21,2330,550.61,552.01,550.44,551.3,9336560
2021-01-22,2330,555.92,561.58,541.27,547.49,8568063
2021-01-25,2330,544.37,562.16,541.71,558.47,7605440
2021-01-26,2330,561.35,567.75,553.05,553.68,9223245
2021-01-27,2330,554.01,558.16,539.03,545.04,9384680
2021-01-28,2330,543.94,551.33,541.77,550.38,10432485
2021-01-29,2330,549.48,553.78,545.06,549.09,10629037
2021-02-01,2330,549.02,567.55,543.88,562.66,9556984
2021-02-02,2330,563.13,565.28,554.83,559.25,11496570
2021-02-03,2330,557.19,565.2,555.64,565.07,8847826
2021-02-04,2330,564.54,576.21,559.58,572.55,7315293
2021-02-05,2330,570.78,571.92,565.92,569.11,10355637
2021-02-08,2330,566.34,572.28,561.53,564.18,9734857
2021-02-09,2330,562.33,571.82,559.2,569.34,10414998
2021-02-10,2330,566.72,580.8,566.47,573.41,7587957
2021-02-11,2330,572.44,573.87,560.03,563.84,13149723
2021-02-12,2330,564.82,568.51,556.05,556.35,10819727
2021-02-15,2330,556.62,563.14,536.93,539.55,9030384
2021-02-16,2330,543.82,545.14,539.94,543.54,8024815
2021-02-17,2330,538.74,544.88,533.19,541.97,11505537
2021-02-18,2330,542.99,545.37,539.58,541.05,7753783
2021-02-19,2330,541.07,542.83,523.95,530.21,14163187
2021-02-22,2330,531.94,535.65,518.23,523.35,8413789
2021-02-23,2330,524.85,525.28,518.25,520.48,12757779
2021-02-24,2330,520.14,523.03,515.6,516.41,9016050
2021-02-25,2330,516.77,521.44,516.65,517.27,12330489
2021-02-26,2330,515.73,523.7,512.08,521.02,8086283
2021-03-01,2330,522.3,536.41,520.71,535.34,9210337
2021-03-02,2330,531.32,540.77,525.58,535.35,10547375
2021-03-03,2330,537.01,547.49,535.25,542.65,10215330
2021-03-04,2330,542.6,543.59,536.09,537.38,10980995
2021-03-05,2330,536.33,536.77,523.06,526.71,8192592
2021-03-08,2330,526.22,527.38,522.91,524.62,9014503
2021-03-09,2330,524.28,528.57,511.58,514.69,11029091
2021-03-10,2330,517.36,521.04,509.79,514.91,7696900
2021-03-11,2330,521.57,526.35,506.92,510.22,9606656
2021-03-12,2330,512.71,515.11,495.15,498.38,8258987
2021-03-15,2330,497.25,510.06,493.86,508.89,8836557
2021-03-16,2330,510.17,515.1,505.34,505.73,8566907
2021-03-17,2330,507.09,509.01,492.17,495.92,7253078
2021-03-18,2330,494.08,504.77,490.8,501.39,7899713
2021-03-19,2330,498.86,498.96,492.37,497.13,8415741
2021-03-22,2330,497.0,505.63,492.82,503.76,7969705
2021-03-23,2330,505.38,510.46,496.86,499.45,10667869
2021-03-24,2330,496.23,497.89,491.2,496.33,9543451
2021-03-25,2330,494.9,503.13,492.51,498.51,8298894
2021-03-26,2330,499.65,503.85,496.16,502.18,6796422
2021-03-29,2330,502.27,508.85,499.88,506.94,6654422
2021-03-30,2330,509.81,512.52,502.55,506.52,10900126
2021-03-31,2330,503.66,516.47,501.4,509.86,6307031
2021-04-01,2330,514.66,515.34,508.07,514.55,7644630
2021-04-02,2330,511.38,520.4,504.19,515.92,7914426
2021-04-05,2330,511.73,520.43,506.87,515.16,6945301
2021-04-06,2330,515.04,516.65,500.2,506.36,6075776
2021-04-07,2330,504.06,512.42,503.98,510.12,6260625
2021-04-08,2330,510.04,513.86,509.88,510.51,6477495
2021-04-09,2330,510.36,510.4,505.71,508.1,6236780
2021-04-12,2330,507.71,518.18,504.58,516.02,8926199
2021-04-13,2330,514.28,519.99,504.67,507.31,6962801
2021-04-14,2330,508.19,521.63,507.9,517.44,6300276
2021-04-15,2330,516.79,520.22,511.31,517.44,7009352
2021-04-16,2330,519.72,523.07,511.94,519.54,7704726
2021-04-19,2330,519.16,523.48,511.45,517.2,6383411
2021-04-20,2330,515.21,519.89,501.74,506.99,7946840
2021-04-21,2330,503.56,508.17,500.09,506.26,5348796
2021-04-22,2330,505.91,514.59,504.59,508.42,8267835
2021-04-23,2330,505.84,518.45,502.66,512.68,6661914
2021-04-26,2330,509.91,516.04,502.55,511.59,6596202
2021-04-27,2330,512.67,514.01,495.97,498.25,5860084
2021-04-28,2330,494.71,495.66,487.12,489.16,5313906
2021-04-29,2330,491.92,503.68,486.79,501.33,4905929
2021-04-30,2330,501.65,504.78,489.59,494.88,5771470
2021-05-03,2330,494.79,504.02,493.5,503.48,7362990
2021-05-04,2330,501.4,505.4,495.49,497.96,5577764
2021-05-05,2330,499.48,505.05,495.01,497.0,5027384
2021-05-06,2330,496.99,505.01,493.87,500.85,5654495
2021-05-07,2330,499.47,501.12,490.88,496.04,6233402
2021-05-10,2330,496.44,507.07,495.06,505.65,6301221
2021-05-11,2330,502.24,509.88,497.04,506.23,6580348
2021-05-12,2330,502.92,511.9,499.7,509.16,8150703
2021-05-13,2330,506.88,511.6,499.12,507.65,8521697
2021-05-14,2330,508.36,516.09,504.66,511.79,9823615
2021-05-17,2330,511.78,527.02,508.91,521.61,5144313
2021-05-18,2330,523.8,524.57,516.6,520.92,5949862
2021-05-19,2330,519.01,535.53,516.59,531.87,7930034
2021-05-20,2330,533.09,535.51,527.47,528.1,6495598
2021-05-21,2330,527.85,536.06,525.2,533.07,8298670
2021-05-24,2330,531.06,541.4,528.42,536.33,7441594
2021-05-25,2330,537.16,542.47,529.39,529.59,9612116
2021-05-26,2330,529.45,537.24,526.43,531.08,8808305
2021-05-27,2330,529.74,535.35,528.54,531.26,8921523
2021-05-28,2330,531.35,534.3,523.53,525.95,6910398
2021-05-31,2330,525.68,530.98,522.01,528.34,7385129
2021-06-01,2330,528.02,529.9,524.65,529.4,7185347
2021-06-02,2330,528.53,565.98,526.23,559.62,20466015
2021-06-03,2330,556.7,561.94,553.55,559.3,10095774
2021-06-04,2330,559.47,563.96,557.24,558.84,8948903
2021-06-07,2330,557.04,561.9,553.15,556.51,7429169
2021-06-08,2330,554.24,558.15,550.78,557.58,10099303
2021-06-09,2330,557.05,558.33,552.09,553.41,7201050
2021-06-10,2330,555.04,578.16,551.11,571.2,5852009
2021-06-11,2330,571.62,575.71,557.72,561.68,9863160
2021-06-14,2330,560.48,562.55,554.9,557.88,6599655
2021-06-15,2330,556.6,559.66,545.93,554.63,8096388
2021-06-16,2330,556.04,574.23,553.02,568.35,8785090
2021-06-17,2330,562.9,568.38,556.76,559.49,9155976
2021-06-18,2330,561.27,562.56,558.85,562.49,10039783
2021-06-21,2330,558.27,571.38,557.09,564.31,9649891
2021-06-22,2330,561.11,572.3,556.2,566.71,9675859
2021-06-23,2330,565.54,578.36,563.7,575.26,7661973
2021-06-24,2330,580.25,584.51,578.09,583.79,9385765
2021-06-25,2330,587.71,593.71,578.54,580.78,6838130
2021-06-28,2330,582.42,587.02,581.08,582.28,11960666
2021-06-29,2330,583.11,583.2,568.82,569.4,7060604
2021-06-30,2330,565.16,573.11,562.81,570.22,8591745
2021-07-01,2330,570.57,581.13,559.56,564.93,7253874
2021-07-02,2330,563.68,567.22,559.86,563.8,8108128
2021-07-05,2330,561.96,563.67,545.78,552.54,9315318
2021-07-06,2330,552.88,556.46,547.91,555.36,8487424
2021-07-07,2330,554.32,561.57,539.79,544.2,11516836
2021-07-08,2330,546.09,551.22,537.92,545.3,9799475
2021-07-09,2330,541.08,547.37,534.4,537.41,8682895
2021-07-12,2330,537.57,541.33,528.74,532.07,9238426
2021-07-13,2330,530.2,545.52,527.04,539.57,11813472
2021-07-14,2330,538.69,544.93,532.13,543.51,11190959
2021-07-15,2330,544.18,554.81,540.91,551.15,7751447
2021-07-16,2330,548.68,565.61,546.81,561.6,8425150
2021-07-19,2330,561.97,568.45,551.88,556.53,10377199
2021-07-20,2330,556.06,570.8,554.54,566.68,10152241
2021-07-21,2330,565.18,567.16,552.33,556.86,7881268
2021-07-22,2330,555.81,565.5,551.55,561.98,10885151
2021-07-23,2330,561.63,562.03,555.87,558.79,8090825
2021-07-26,2330,557.08,558.91,548.13,552.7,11987238
2021-07-27,2330,552.71,562.1,552.69,556.91,10402624
2021-07-28,2330,556.29,565.9,552.59,563.36,7691811
2021-07-29,2330,561.99,572.52,559.66,569.69,8545125
2021-07-30,2330,573.32,578.66,561.34,571.3,8486499
2021-08-02,2330,572.25,578.98,568.46,572.35,9596718
2021-08-03,2330,571.48,580.8,569.41,576.11,8946820
2021-08-04,2330,576.45,586.29,576.17,578.36,7514028
2021-08-05,2330,575.98,586.92,569.52,582.26,7145790
2021-08-06,2330,581.24,588.04,578.57,583.83,10078852
2021-08-09,2330,583.08,593.99,581.43,589.88,9553132
2021-08-10,2330,586.94,587.44,574.26,578.51,9186113
2021-08-11,2330,579.41,585.1,572.77,577.74,9397177
2021-08-12,2330,576.57,578.75,563.44,568.29,7947836
2021-08-13,2330,567.49,572.41,564.04,570.32,9113102
2021-08-16,2330,569.02,585.25,565.25,581.7,13811383
2021-08-17,2330,588.59,590.26,574.53,578.54,10715034
2021-08-18,2330,577.0,582.0,572.77,579.57,8163646
2021-08-19,2330,574.77,592.79,570.34,584.97,7756346
2021-08-20,2330,581.23,587.28,564.68,570.6,5046573
2021-08-23,2330,572.34,574.2,563.64,567.17,10141165
2021-08-24,2330,570.2,572.55,568.24,569.79,9547498
2021-08-25,2330,568.24,568.75,547.14,550.13,7441566
2021-08-26,2330,552.94,557.82,538.91,543.82,6280172
2021-08-27,2330,545.43,553.89,544.81,551.14,6535003
2021-08-30,2330,550.72,558.95,550.1,557.91,8628227
2021-08-31,2330,557.33,564.14,551.94,560.55,7758840
2021-09-01,2330,560.96,571.02,554.18,566.63,8839573
2021-09-02,2330,568.62,574.22,567.7,568.23,7847170
2021-09-03,2330,569.14,575.43,565.49,572.16,9101936
2021-09-06,2330,570.61,573.19,567.63,570.14,8092530
2021-09-07,2330,569.74,579.04,566.92,571.07,8702873
2021-09-08,2330,575.6,579.07,562.79,566.88,5096323
2021-09-09,2330,567.45,580.73,566.98,575.62,5887598
2021-09-10,2330,577.62,588.52,576.71,586.27,6821145
2021-09-13,2330,587.54,601.35,584.72,596.13,8764959
2021-09-14,2330,596.78,596.88,590.14,593.36,10034694
2021-09-15,2330,593.61,596.08,585.84,586.71,6885553
2021-09-16,2330,588.82,596.55,583.43,595.85,6300917
2021-09-17,2330,597.56,602.04,594.98,599.89,4908993
2021-09-20,2330,600.52,609.03,597.93,602.4,8093121
2021-09-21,2330,600.73,602.87,593.71,597.97,6231440
2021-09-22,2330,598.9,606.51,595.61,601.18,11642959
2021-09-23,2330,601.02,608.27,587.95,593.5,5948796
2021-09-24,2330,592.77,601.69,591.42,598.16,9873554
2021-09-27,2330,604.57,614.28,604.32,608.21,7696914
2021-09-28,2330,604.47,625.31,601.59,620.27,5566834
2021-09-29,2330,622.65,629.74,618.76,625.7,6959579
2021-09-30,2330,623.54,629.15,614.84,615.48,7646414
2021-10-01,2330,615.8,625.33,615.52,617.09,6376052
2021-10-04,2330,623.43,688.75,619.23,686.38,26979117
2021-10-05,2330,683.74,685.21,677.38,679.39,7670449
2021-10-06,2330,677.43,680.39,677.3,679.08,7371042
2021-10-07,2330,679.03,697.66,672.34,690.77,6603801
2021-10-08,2330,688.43,703.38,686.04,696.06,5366571
2021-10-11,2330,698.52,719.71,691.12,716.95,6550848
2021-10-12,2330,715.42,717.24,706.48,710.82,6872349
2021-10-13,2330,712.68,715.04,697.51,702.56,4764403
2021-10-14,2330,698.82,718.9,695.22,713.05,6910241
2021-10-15,2330,707.9,711.96,699.75,703.0,6615490
2021-10-18,2330,702.36,707.08,700.5,701.52,5356633
2021-10-19,2330,697.11,703.88,693.28,701.14,6406080
2021-10-20,2330,705.4,717.17,700.14,710.03,6469255
2021-10-21,2330,705.69,720.72,704.87,715.44,9748672
2021-10-22,2330,712.47,725.55,708.35,719.54,7216296
2021-10-25,2330,720.73,725.52,715.17,716.25,8420498
2021-10-26,2330,714.57,732.76,709.61,726.87,6895405
2021-10-27,2330,722.46,768.14,718.18,762.17,5068397
2021-10-28,2330,768.39,770.44,761.49,768.68,8084672
2021-10-29,2330,765.6,775.56,757.74,769.79,6419941
2021-11-01,2330,769.19,776.24,752.06,758.0,6866728
2021-11-02,2330,757.36,765.41,745.28,752.39,6092246
2021-11-03,2330,754.53,760.31,747.19,750.65,7533142
2021-11-04,2330,752.03,753.64,733.12,746.02,9095490
2021-11-05,2330,743.55,748.12,742.71,746.06,8970185
2021-11-08,2330,745.09,765.41,742.19,762.17,10191903
2021-11-09,2330,761.47,778.99,754.16,773.76,10561791
2021-11-10,2330,776.08,780.36,765.52,772.48,5409271
2021-11-11,2330,768.87,770.03,722.83,728.62,22296789
2021-11-12,2330,734.5,741.59,728.11,740.49,5761412
2021-11-15,2330,738.25,742.02,736.52,740.24,9029219
2021-11-16,2330,740.22,745.01,716.13,725.09,7184533
2021-11-17,2330,721.73,735.48,717.99,731.47,7526853
2021-11-18,2330,727.67,751.98,719.68,740.66,7982375
2021-11-19,2330,738.07,747.8,717.75,719.28,8976448
2021-11-22,2330,716.49,717.99,707.34,712.35,6473395
2021-11-23,2330,711.16,716.28,708.5,711.58,6804305
2021-11-24,2330,708.79,718.13,702.92,718.03,8612629
2021-11-25,2330,720.03,720.57,708.58,713.76,10776284
2021-11-26,2330,711.53,712.39,701.54,706.82,8717139
2021-11-29,2330,704.29,716.8,703.05,713.16,7654902
2021-11-30,2330,712.04,715.79,705.24,709.33,6042545
2021-12-01,2330,712.15,719.13,708.39,714.12,10636607
2021-12-02,2330,714.74,720.92,699.15,704.78,7903558
2021-12-03,2330,704.49,707.77,686.61,693.51,7387818
2021-12-06,2330,689.54,704.27,684.99,699.97,6711479
2021-12-07,2330,696.77,703.41,696.15,702.27,7094719
2021-12-08,2330,698.68,710.66,694.19,710.22,7773920
2021-12-09,2330,713.93,713.93,694.25,705.86,8897652
2021-12-10,2330,707.35,713.44,690.5,699.3,7506487
2021-12-13,2330,696.89,714.2,692.78,710.89,9688067
2021-12-14,2330,709.29,710.34,693.71,698.08,8996101
2021-12-15,2330,695.77,712.81,689.0,708.74,14074245
2021-12-16,2330,706.22,720.87,702.5,720.14,6961327
2021-12-17,2330,721.47,736.96,718.47,727.76,9762605
2021-12-20,2330,726.92,729.6,718.37,721.93,9802860
2021-12-21,2330,727.94,734.29,709.17,715.04,7903038
2021-12-22,2330,718.61,726.06,712.41,713.41,9687331
2021-12-23,2330,717.15,718.72,694.95,702.51,10942525
2021-12-24,2330,704.39,708.83,656.38,660.19,33928198
2021-12-27,2330,659.08,670.93,657.59,665.47,12217057
2021-12-28,2330,667.06,675.15,660.06,670.82,6428177
2021-12-29,2330,669.88,674.87,662.42,662.54,8163308
2021-12-30,2330,666.86,668.53,664.34,668.08,12365032
2021-12-31,2330,669.16,677.41,666.67,671.89,11147056
2022-01-03,2330,672.59,687.0,662.79,684.23,10396743
2022-01-04,2330,684.58,694.17,682.35,689.07,11738984
2022-01-05,2330,693.87,704.76,692.05,698.0,6634239
2022-01-06,2330,694.0,708.26,691.45,702.17,10764792
2022-01-07,2330,707.33,715.86,701.8,710.6,11246647
2022-01-10,2330,710.07,716.16,693.41,699.8,8206316
2022-01-11,2330,695.87,705.08,685.36,698.96,14750886
2022-01-12,2330,696.85,707.18,688.75,698.8,9464494
2022-01-13,2330,694.19,701.02,689.5,696.94,6118244
2022-01-14,2330,698.76,705.49,697.06,700.82,9659953
2022-01-17,2330,697.91,713.2,689.19,706.33,7867983
2022-01-18,2330,706.81,712.7,703.61,709.83,10965314
2022-01-19,2330,713.05,713.52,706.12,708.5,9737548
2022-01-20,2330,706.6,712.23,699.38,702.43,7859568
2022-01-21,2330,701.67,715.53,700.98,711.85,11375835
2022-01-24,2330,708.14,715.85,705.21,715.01,10191528
2022-01-25,2330,713.9,719.62,702.87,706.45,7349032
2022-01-26,2330,713.73,722.1,698.7,704.99,8224514
2022-01-27,2330,707.18,707.55,687.35,690.42,9190792
2022-01-28,2330,689.69,697.85,689.04,690.88,7768368
2022-01-31,2330,689.19,692.27,688.91,689.41,7734814
2022-02-01,2330,689.29,692.32,680.15,684.83,8188095
2022-02-02,2330,685.19,707.35,680.88,698.02,6647583
2022-02-03,2330,696.85,700.12,685.91,688.51,5334170
2022-02-04,2330,689.97,698.94,687.12,694.52,8239556
2022-02-07,2330,691.87,719.37,686.65,712.92,5461588
2022-02-08,2330,710.19,722.94,701.98,722.31,6467787
2022-02-09,2330,723.38,727.93,720.14,722.22,5565397
2022-02-10,2330,718.85,723.34,708.04,712.57,5633170
2022-02-11,2330,714.65,724.26,694.21,701.11,8102533
2022-02-14,2330,701.07,701.81,695.8,697.82,7139154
2022-02-15,2330,692.72,695.81,688.13,692.24,7024802
2022-02-16,2330,692.54,694.13,682.42,686.44,5752617
2022-02-17,2330,681.81,685.19,681.29,683.92,6419032
2022-02-18,2330,685.82,693.02,678.69,683.25,7661183
2022-02-21,2330,682.57,691.6,678.39,687.4,7031716
2022-02-22,2330,692.49,695.11,671.79,677.36,8163257
2022-02-23,2330,680.26,682.94,671.14,671.99,8309691
2022-02-24,2330,669.13,673.38,665.09,670.87,6625150
2022-02-25,2330,665.44,672.21,657.77,669.46,4932720
2022-02-28,2330,667.44,685.02,657.89,684.38,5969181
2022-03-01,2330,681.04,689.87,673.46,686.46,6680882
2022-03-02,2330,691.47,694.63,672.47,673.34,5880493
2022-03-03,2330,673.31,678.89,668.06,676.89,5566252
2022-03-04,2330,679.41,686.0,676.65,681.49,6785930
2022-03-07,2330,680.71,685.45,675.78,680.63,10340917
2022-03-08,2330,680.14,682.71,668.94,670.89,6096853
2022-03-09,2330,670.81,688.93,670.23,685.21,6637821
2022-03-10,2330,688.25,698.32,673.46,676.59,5235311
2022-03-11,2330,677.43,692.0,671.41,682.12,8284438
2022-03-14,2330,679.24,685.15,674.38,683.93,7749822
2022-03-15,2330,688.37,690.65,683.13,689.03,7656652
2022-03-16,2330,688.23,704.56,683.5,703.32,8468117
2022-03-17,2330,702.04,715.48,696.69,708.23,6149041
2022-03-18,2330,700.22,706.76,694.53,703.66,6303575
2022-03-21,2330,705.45,718.14,701.99,713.18,9082186
2022-03-22,2330,713.47,723.45,703.47,707.96,7508590
2022-03-23,2330,708.24,713.75,699.05,709.52,4512871
2022-03-24,2330,708.38,727.19,703.73,720.83,25683727
2022-03-25,2330,719.17,724.99,707.68,712.08,6122235
2022-03-28,2330,711.02,715.29,706.46,712.69,8038614
2022-03-29,2330,714.01,723.35,710.35,716.02,7407787
2022-03-30,2330,717.85,719.72,698.58,701.57,5066855
2022-03-31,2330,700.92,713.95,696.13,705.93,7328898
2022-04-01,2330,708.61,711.2,696.39,699.17,7309613
2022-04-04,2330,698.95,712.98,695.16,710.08,7575597
2022-04-05,2330,708.65,709.81,705.25,707.26,7938229
2022-04-06,2330,707.82,709.45,693.41,697.9,9452449
2022-04-07,2330,694.1,701.71,688.32,698.71,7851368
2022-04-08,2330,699.36,701.96,687.64,691.2,7387160
2022-04-11,2330,686.94,705.45,685.54,701.9,9133050
2022-04-12,2330,699.01,704.86,693.17,702.08,11232107
2022-04-13,2330,696.41,707.4,691.9,700.98,8932990
2022-04-14,2330,700.48,711.56,699.06,706.13,7942383
2022-04-15,2330,710.68,712.93,691.44,697.79,8356818
2022-04-18,2330,697.46,700.37,686.89,687.17,8178184
2022-04-19,2330,688.94,694.2,681.92,690.71,7915927
2022-04-20,2330,697.21,705.53,677.83,681.77,11768243
2022-04-21,2330,682.87,684.72,670.87,672.94,7035108
2022-04-22,2330,670.88,681.98,666.37,679.86,10010186
2022-04-25,2330,678.16,685.33,675.19,684.32,8027902
2022-04-26,2330,684.32,684.37,671.65,674.19,6352268
2022-04-27,2330,672.48,677.35,667.31,669.35,8092408
2022-04-28,2330,667.86,672.41,658.62,662.26,7657928
2022-04-29,2330,664.87,684.07,662.17,676.54,9461589
2022-05-02,2330,679.32,691.02,678.35,684.07,8745863
2022-05-03,2330,679.56,691.39,672.02,680.78,7219503
2022-05-04,2330,678.55,689.57,675.15,685.66,11402703
2022-05-05,2330,684.39,687.78,672.6,674.67,10732818
2022-05-06,2330,676.29,676.83,668.4,669.4,11825547
2022-05-09,2330,672.46,678.36,664.32,670.41,9344395
2022-05-10,2330,677.65,682.04,673.67,674.21,8959257
2022-05-11,2330,672.96,679.39,668.56,673.59,10302506
2022-05-12,2330,672.47,676.74,670.01,675.76,8232135
2022-05-13,2330,677.36,682.37,673.93,676.57,9405097
2022-05-16,2330,674.72,680.02,673.65,675.41,8950087
2022-05-17,2330,675.03,679.45,670.81,673.18,7137247
2022-05-18,2330,672.06,674.26,665.86,669.9,9543479
2022-05-19,2330,662.88,679.16,658.28,671.93,8651313
2022-05-20,2330,672.27,685.01,670.35,675.42,8999360
2022-05-23,2330,674.92,678.25,671.12,677.19,10070135
2022-05-24,2330,680.64,686.68,661.4,667.78,11893299
2022-05-25,2330,667.8,671.48,659.52,659.95,8137708
2022-05-26,2330,656.63,669.02,652.71,663.27,8940684
2022-05-27,2330,662.58,676.15,661.13,675.15,8288902
2022-05-30,2330,669.5,679.19,668.3,676.55,8200306
2022-05-31,2330,673.28,673.88,668.53,673.38,8559857
2022-06-01,2330,675.09,678.83,672.51,675.36,9196068
2022-06-02,2330,674.69,681.0,665.56,666.32,10582001
2022-06-03,2330,668.77,677.92,661.22,676.95,10079146
2022-06-06,2330,671.62,681.73,665.12,678.63,7855204
2022-06-07,2330,677.98,680.65,672.19,673.35,11971341
2022-06-08,2330,672.07,680.46,672.0,672.17,11215021
2022-06-09,2330,674.74,679.96,662.49,668.09,8022745
2022-06-10,2330,669.89,679.65,666.63,678.77,11723717
2022-06-13,2330,680.52,683.32,669.17,677.29,9938878
2022-06-14,2330,681.47,689.8,672.98,678.73,9073267
2022-06-15,2330,677.73,689.62,672.85,683.57,9908601
2022-06-16,2330,687.22,688.82,676.37,677.66,9201236
2022-06-17,2330,674.83,682.76,669.46,679.41,10142161
2022-06-20,2330,676.47,685.27,675.86,681.82,9454652
2022-06-21,2330,683.87,686.5,661.76,669.27,8549394
2022-06-22,2330,665.24,672.03,660.13,671.47,6267460
2022-06-23,2330,673.01,675.22,669.45,671.27,9854862
2022-06-24,2330,671.54,680.25,665.35,672.48,8318729
2022-06-27,2330,675.36,678.39,662.87,672.94,10156884
2022-06-28,2330,672.78,678.97,669.33,675.2,9552966
2022-06-29,2330,675.35,690.71,669.81,686.2,8160390
2022-06-30,2330,687.6,697.83,673.77,676.66,10354716
2022-07-01,2330,674.87,678.94,669.78,674.05,8858163
2022-07-04,2330,672.15,686.66,672.13,679.61,8713204
2022-07-05,2330,680.9,686.17,676.82,683.71,8176094
2022-07-06,2330,683.62,691.06,679.4,687.65,11241398
2022-07-07,2330,686.52,714.84,677.47,710.54,7231792
2022-07-08,2330,710.3,718.03,709.47,715.95,7682570
2022-07-11,2330,720.52,729.61,717.01,725.85,6451754
2022-07-12,2330,724.56,731.48,715.29,723.36,9095917
2022-07-13,2330,721.99,724.01,711.32,714.92,7114274
2022-07-14,2330,710.03,716.67,706.26,712.4,7185928
2022-07-15,2330,712.28,725.01,710.38,718.66,7053475
2022-07-18,2330,720.55,724.3,718.92,722.35,7750262
2022-07-19,2330,724.77,733.57,723.82,726.03,6057099
2022-07-20,2330,726.34,730.91,721.82,724.34,5015898
2022-07-21,2330,727.11,730.99,719.8,721.27,8076395
2022-07-22,2330,723.38,724.85,715.24,719.9,5035181
2022-07-25,2330,723.1,729.61,721.04,726.34,8509395
2022-07-26,2330,729.2,739.34,726.22,733.85,9571009
2022-07-27,2330,738.45,748.04,722.13,725.17,6956654
2022-07-28,2330,724.68,738.04,720.47,731.98,8975846
2022-07-29,2330,728.1,735.75,723.63,726.45,7014516
2022-08-01,2330,728.38,731.57,727.1,730.72,9321428
2022-08-02,2330,733.0,737.03,724.59,729.22,6390787
2022-08-03,2330,733.8,751.19,726.26,743.1,4500888
2022-08-04,2330,746.91,748.74,734.74,739.56,6746549
2022-08-05,2330,745.32,752.67,738.69,741.33,9251865
2022-08-08,2330,743.17,753.58,739.08,746.91,7449940
2022-08-09,2330,747.6,752.9,737.64,739.27,6136428
2022-08-10,2330,735.17,742.27,731.17,738.8,7112728
2022-08-11,2330,739.71,741.23,733.39,736.63,7954862
2022-08-12,2330,735.0,744.63,730.61,732.27,6556783
2022-08-15,2330,732.89,739.14,726.41,728.59,10657242
2022-08-16,2330,728.75,743.93,725.57,738.49,6041143
2022-08-17,2330,739.89,743.1,726.06,733.37,7933457
2022-08-18,2330,733.09,743.08,725.49,738.54,7594081
2022-08-19,2330,741.3,746.45,739.61,741.51,5838724
2022-08-22,2330,733.44,739.01,726.4,729.27,6141190
2022-08-23,2330,729.82,740.55,726.88,733.99,7974774
2022-08-24,2330,737.52,739.64,715.06,721.73,6830227
2022-08-25,2330,727.13,727.44,722.34,727.35,7092735
2022-08-26,2330,729.48,734.1,718.49,723.1,4989335
2022-08-29,2330,727.98,728.69,717.46,723.36,7568799
2022-08-30,2330,723.84,727.25,709.73,712.3,7116701
2022-08-31,2330,712.31,716.35,704.15,713.53,6716575
2022-09-01,2330,715.04,727.39,710.75,721.64,7293209
2022-09-02,2330,721.63,731.68,712.99,714.83,6390078
2022-09-05,2330,712.6,713.86,706.2,709.8,6226270
2022-09-06,2330,708.34,724.63,700.6,713.85,6680248
2022-09-07,2330,710.68,721.78,707.62,718.14,6468471
2022-09-08,2330,719.66,724.98,690.51,697.34,10498022
2022-09-09,2330,697.37,714.63,694.93,714.38,8426499
2022-09-12,2330,713.35,726.27,711.26,719.09,6060521
2022-09-13,2330,717.46,729.76,711.26,725.29,10504622
2022-09-14,2330,726.75,730.93,722.4,724.22,6799026
2022-09-15,2330,726.48,727.75,701.69,708.27,7460486
2022-09-16,2330,705.07,718.68,699.85,714.19,8807960
2022-09-19,2330,710.51,717.17,707.74,709.52,5309334
2022-09-20,2330,712.23,717.94,708.16,714.33,7326143
2022-09-21,2330,710.4,720.26,707.7,712.63,6965953
2022-09-22,2330,714.19,722.37,708.91,714.85,8095490
2022-09-23,2330,719.47,721.94,698.78,708.38,8424669
2022-09-26,2330,712.96,724.76,709.74,715.9,7852119
2022-09-27,2330,718.01,722.45,700.13,705.87,7865685
2022-09-28,2330,707.87,729.56,703.56,725.07,9840214
2022-09-29,2330,731.6,749.49,727.14,744.72,8661531
2022-09-30,2330,737.77,764.27,733.83,759.5,8346197
2022-10-03,2330,758.09,774.8,756.14,771.31,8589327
2022-10-04,2330,773.93,778.0,765.07,770.72,11748455
2022-10-05,2330,769.68,782.13,765.96,781.71,8788824
2022-10-06,2330,785.58,795.41,779.14,781.0,7835730
2022-10-07,2330,780.88,790.52,758.93,766.63,6149101
2022-10-10,2330,767.04,788.0,762.13,780.66,6754195
2022-10-11,2330,779.8,795.42,775.83,791.43,8103137
2022-10-12,2330,789.77,792.88,780.8,791.33,8710511
2022-10-13,2330,789.59,792.25,778.84,779.89,8096332
2022-10-14,2330,780.73,791.49,766.01,774.6,9599012
2022-10-17,2330,772.2,774.69,755.98,757.86,8188955
2022-10-18,2330,760.75,769.27,755.55,766.65,7743023
2022-10-19,2330,768.65,776.43,749.35,752.09,10252947
2022-10-20,2330,755.4,764.46,753.12,754.87,11813754
2022-10-21,2330,751.46,760.95,739.0,747.41,7603072
2022-10-24,2330,742.33,749.87,724.94,734.8,9741118
2022-10-25,2330,734.79,745.05,731.03,737.09,6644555
2022-10-26,2330,745.64,750.27,728.93,734.32,7207000
2022-10-27,2330,738.04,743.6,733.44,741.89,8480891
2022-10-28,2330,740.24,744.77,721.35,730.79,11599338
2022-10-31,2330,732.03,738.24,722.56,724.33,8239254
2022-11-01,2330,726.44,730.41,698.48,703.76,8199962
2022-11-02,2330,699.91,703.6,683.37,685.49,9573592
2022-11-03,2330,689.24,701.95,686.88,700.45,9585055
2022-11-04,2330,699.98,719.57,696.79,718.14,8270988
2022-11-07,2330,717.88,728.72,708.27,719.12,13621843
2022-11-08,2330,719.19,728.89,709.79,712.19,9079287
2022-11-09,2330,715.45,719.74,703.31,709.82,9711810
2022-11-10,2330,707.67,722.55,700.03,717.44,8839628
2022-11-11,2330,712.54,714.67,708.3,713.19,10267272
2022-11-14,2330,714.11,721.53,709.48,715.4,11820047
2022-11-15,2330,709.55,724.8,708.94,715.47,12733582
2022-11-16,2330,714.61,714.69,708.53,710.76,8202175
2022-11-17,2330,714.14,719.75,699.65,706.45,11428669
2022-11-18,2330,708.09,714.9,703.67,709.12,10307341
2022-11-21,2330,712.07,717.85,695.74,700.98,11076510
2022-11-22,2330,702.72,713.82,698.13,704.96,9096964
2022-11-23,2330,711.75,721.82,690.79,701.14,8894759
2022-11-24,2330,699.49,705.95,696.5,702.39,10824375
2022-11-25,2330,703.51,720.44,694.77,714.23,10794769
2022-11-28,2330,712.98,717.5,708.31,712.97,11971232
2022-11-29,2330,715.7,723.52,706.55,721.01,9295244
2022-11-30,2330,720.84,725.94,704.91,705.69,8734223
2022-12-01,2330,710.54,716.71,697.15,701.88,5675203
2022-12-02,2330,700.39,707.11,697.29,702.29,6559490
2022-12-05,2330,706.24,720.46,701.61,718.68,8098874
2022-12-06,2330,720.38,723.37,694.31,701.95,7070701
2022-12-07,2330,701.86,704.79,696.05,701.32,9893547
2022-12-08,2330,702.84,715.63,695.19,713.75,6689068
2022-12-09,2330,714.5,719.68,704.86,707.21,7665694
2022-12-12,2330,708.21,713.65,703.67,705.58,7647145
2022-12-13,2330,704.99,715.59,700.72,708.56,10223395
2022-12-14,2330,706.57,712.13,702.44,710.31,7304686
2022-12-15,2330,709.36,726.5,705.63,723.83,8753740
2022-12-16,2330,718.96,736.8,717.4,727.91,8274873
2022-12-19,2330,730.36,743.64,722.48,739.69,9304233
2022-12-20,2330,736.03,741.19,732.69,736.68,9122640
2022-12-21,2330,736.04,739.94,696.82,705.07,26958568
2022-12-22,2330,706.9,714.35,699.08,703.34,5652442
2022-12-23,2330,705.7,713.24,687.77,693.73,7283640
2022-12-26,2330,688.81,705.23,683.14,697.93,7491507
2022-12-27,2330,697.67,701.93,693.0,694.87,7838059
2022-12-28,2330,696.15,697.9,684.3,689.45,6456341
2022-12-29,2330,689.59,703.25,680.13,693.74,8968329
2022-12-30,2330,697.47,704.05,679.6,684.4,7253914
2023-01-02,2330,682.15,693.78,675.59,690.89,6076488
2023-01-03,2330,685.23,695.14,679.22,687.1,6546776
2023-01-04,2330,689.33,699.52,684.35,696.83,9976928
2023-01-05,2330,695.33,703.43,689.04,693.72,7883651
2023-01-06,2330,688.84,707.48,683.2,699.15,8384687
2023-01-09,2330,698.71,702.46,692.39,700.84,5715208
2023-01-10,2330,704.29,713.16,703.87,707.27,6049890
2023-01-11,2330,703.69,714.84,698.77,708.38,6021273
2023-01-12,2330,715.0,726.76,690.76,694.41,6997909
2023-01-13,2330,692.09,705.12,689.02,702.99,6528211
2023-01-16,2330,703.24,711.49,694.57,702.43,6140881
2023-01-17,2330,699.0,713.57,696.86,709.26,6257503
2023-01-18,2330,709.38,716.05,709.08,715.31,5773366
2023-01-19,2330,714.93,718.88,702.34,708.85,6432255
2023-01-20,2330,704.63,708.87,701.03,701.25,8103121
2023-01-23,2330,709.18,710.43,705.73,706.94,5044752
2023-01-24,2330,705.54,710.65,697.76,704.54,7046969
2023-01-25,2330,703.15,719.64,698.49,712.64,8489608
2023-01-26,2330,715.4,720.37,705.68,711.29,6412976
2023-01-27,2330,716.45,722.96,713.42,720.2,6035399
2023-01-30,2330,723.45,727.96,723.12,724.04,7857024
2023-01-31,2330,720.56,731.07,719.66,726.73,5588693
2023-02-01,2330,727.35,732.34,720.09,723.65,6667990
2023-02-02,2330,718.2,733.42,717.55,725.85,5575318
2023-02-03,2330,728.46,741.64,723.2,736.42,4824090
2023-02-06,2330,731.6,736.41,728.56,736.12,6607329
2023-02-07,2330,733.76,743.78,728.81,741.0,5441062
2023-02-08,2330,740.99,746.54,736.08,741.6,6859659
2023-02-09,2330,742.92,750.71,737.28,742.89,8459851
2023-02-10,2330,742.11,766.93,736.18,758.44,9734959
2023-02-13,2330,763.05,779.65,759.52,769.57,7146012
2023-02-14,2330,771.79,776.83,765.3,770.49,8510804
2023-02-15,2330,772.48,779.66,767.11,772.67,7676861
2023-02-16,2330,768.87,769.01,763.5,766.35,6728032
2023-02-17,2330,771.56,777.52,758.39,764.95,5144452
2023-02-20,2330,762.5,769.29,757.46,767.98,9840792
2023-02-21,2330,773.32,780.48,766.94,776.02,6138221
2023-02-22,2330,782.29,797.38,781.63,783.19,9602838
2023-02-23,2330,784.79,790.45,769.3,772.96,8328777
2023-02-24,2330,776.15,784.2,774.88,782.21,6407375
2023-02-27,2330,772.57,787.54,765.63,781.57,8161329
2023-02-28,2330,780.97,784.04,772.22,772.51,11442417
2023-03-01,2330,775.92,786.79,774.15,785.09,10381073
2023-03-02,2330,788.0,810.59,781.59,799.08,7253016
2023-03-03,2330,795.18,810.04,792.41,801.81,7068387
2023-03-06,2330,800.86,814.8,799.03,808.83,8263298
2023-03-07,2330,800.62,820.1,792.91,816.48,7955605
2023-03-08,2330,817.83,834.31,809.82,830.36,10271393
2023-03-09,2330,824.1,848.02,816.78,837.82,9545864
2023-03-10,2330,841.61,847.69,816.93,824.68,6219917
2023-03-13,2330,828.58,850.12,824.38,844.78,9244992
2023-03-14,2330,843.17,869.21,838.8,855.79,8316186
2023-03-15,2330,857.57,863.35,847.87,850.77,8721378
2023-03-16,2330,850.03,856.3,834.87,840.47,9136550
2023-03-17,2330,841.29,854.52,838.01,845.77,10927889
2023-03-20,2330,841.89,849.79,838.3,843.16,10583583
2023-03-21,2330,845.26,854.32,838.16,846.71,7812818
2023-03-22,2330,841.15,858.15,832.12,854.48,8910547
2023-03-23,2330,848.22,849.8,841.78,848.88,8362454
2023-03-24,2330,848.47,854.51,826.68,837.72,6740092
2023-03-27,2330,837.02,851.68,834.36,841.81,8998402
2023-03-28,2330,842.73,845.6,835.5,836.63,12862467
2023-03-29,2330,834.46,840.9,827.07,838.31,6815502
2023-03-30,2330,844.63,853.83,822.6,825.01,9278712
2023-03-31,2330,825.54,828.98,818.68,822.72,9264622
2023-04-03,2330,823.48,833.6,822.59,829.98,9893861
2023-04-04,2330,830.63,839.99,828.64,836.22,7926402
2023-04-05,2330,839.58,844.4,828.51,828.52,7314691
2023-04-06,2330,830.43,830.67,813.63,817.11,7394339
2023-04-07,2330,818.56,821.7,813.86,817.47,12066418
2023-04-10,2330,819.88,828.88,814.66,823.18,7968572
2023-04-11,2330,817.17,833.09,808.22,827.39,8701805
2023-04-12,2330,821.47,831.25,814.32,822.51,13913769
2023-04-13,2330,822.26,836.68,821.86,825.65,8347832
2023-04-14,2330,825.0,850.88,818.04,840.75,10129500
2023-04-17,2330,842.7,851.17,837.26,843.03,11524650
2023-04-18,2330,843.09,847.65,822.08,826.72,11410626
2023-04-19,2330,828.64,831.85,823.74,828.94,7465394
2023-04-20,2330,824.81,854.63,819.18,849.48,8325654
2023-04-21,2330,849.44,856.53,833.86,836.57,9969134
2023-04-24,2330,832.08,844.85,827.69,837.07,13318570
2023-04-25,2330,838.37,845.49,826.04,835.01,8176649
2023-04-26,2330,828.74,833.31,821.22,823.84,29911459
2023-04-27,2330,824.99,833.53,823.44,825.97,10028096
2023-04-28,2330,821.12,846.72,816.39,837.48,10345131
2023-05-01,2330,836.19,846.52,834.96,838.54,10403207
2023-05-02,2330,841.54,856.6,840.79,851.6,7858580
2023-05-03,2330,852.37,854.64,846.68,850.61,8265287
2023-05-04,2330,845.01,849.43,835.04,847.25,9394460
2023-05-05,2330,844.97,847.74,835.74,840.66,11264646
2023-05-08,2330,835.61,841.48,817.01,822.54,8535974
2023-05-09,2330,816.96,832.13,814.9,825.46,8807657
2023-05-10,2330,825.85,846.31,819.45,846.02,7294054
2023-05-11,2330,847.91,854.27,842.51,850.88,12168945
2023-05-12,2330,852.38,864.09,849.53,858.1,8870765
2023-05-15,2330,860.17,862.24,848.33,854.07,10383355
2023-05-16,2330,854.03,860.63,846.09,851.78,8521157
2023-05-17,2330,850.84,907.42,849.34,903.11,29844912
2023-05-18,2330,899.23,927.98,892.64,925.11,6349485
2023-05-19,2330,923.48,947.71,913.51,941.85,5593674
2023-05-22,2330,936.88,958.39,932.11,951.19,10219569
2023-05-23,2330,947.98,954.31,945.58,951.83,8191285
2023-05-24,2330,952.17,959.26,947.13,954.46,8299002
2023-05-25,2330,954.01,961.52,937.16,946.07,6321995
2023-05-26,2330,957.67,960.5,928.85,929.87,6660259
2023-05-29,2330,924.86,925.45,909.9,917.53,9391080
2023-05-30,2330,917.07,918.44,914.05,918.3,10502687
2023-05-31,2330,913.07,919.28,906.71,915.32,6797072
2023-06-01,2330,913.9,914.56,896.04,899.4,8492602
2023-06-02,2330,898.16,903.37,894.8,899.23,7711143
2023-06-05,2330,902.27,913.69,885.18,896.02,7221495
2023-06-06,2330,894.4,894.84,883.31,883.63,10202199
2023-06-07,2330,882.95,887.25,872.94,879.92,6675219
2023-06-08,2330,878.41,891.17,865.42,876.76,8973762
2023-06-09,2330,871.84,878.5,862.88,870.49,7621235
2023-06-12,2330,868.22,884.37,867.63,880.38,7034951
2023-06-13,2330,879.04,883.76,859.75,860.5,8961349
2023-06-14,2330,860.76,867.4,837.7,840.21,7320083
2023-06-15,2330,842.09,852.85,834.88,840.45,6779659
2023-06-16,2330,839.67,844.9,833.87,841.63,8784143
2023-06-19,2330,840.78,848.44,840.02,845.93,8528299
2023-06-20,2330,840.1,841.07,838.0,840.67,8408878
2023-06-21,2330,842.48,847.88,829.33,831.62,3347140
2023-06-22,2330,829.3,832.07,824.93,831.75,7262386
2023-06-23,2330,834.24,837.7,816.02,827.55,6943693
2023-06-26,2330,831.91,845.16,830.02,843.16,6620579
2023-06-27,2330,842.53,851.2,838.34,840.09,7416222
2023-06-28,2330,836.65,843.1,835.43,839.77,6951234
2023-06-29,2330,839.71,871.48,832.54,864.92,7484258
2023-06-30,2330,866.13,866.49,858.08,863.12,6309241
2023-07-03,2330,862.03,874.76,859.95,869.09,8671570
2023-07-04,2330,867.13,877.09,863.19,876.05,7624697
2023-07-05,2330,878.03,887.76,875.54,883.96,7317839
2023-07-06,2330,885.72,900.42,879.36,887.25,7269369
2023-07-07,2330,886.02,898.19,871.19,889.54,8214571
2023-07-10,2330,883.65,895.72,876.4,890.83,8044099
2023-07-11,2330,892.46,909.23,879.91,884.89,6585003
2023-07-12,2330,882.18,890.65,879.23,888.57,8068851
2023-07-13,2330,889.33,920.13,888.78,910.43,7002911
2023-07-14,2330,910.98,924.0,902.84,923.88,9639212
2023-07-17,2330,916.9,932.14,908.91,927.48,8370443
2023-07-18,2330,927.78,937.81,923.94,937.24,6180055
2023-07-19,2330,939.17,945.77,917.63,927.7,10598922
2023-07-20,2330,930.06,935.85,919.4,925.03,4809430
2023-07-21,2330,925.46,940.24,917.04,935.78,7939028
2023-07-24,2330,928.38,962.59,921.71,952.71,6297978
2023-07-25,2330,957.58,961.15,939.14,944.14,10106324
2023-07-26,2330,945.69,952.6,936.85,938.9,7606346
2023-07-27,2330,934.38,972.65,929.32,963.71,6359568
2023-07-28,2330,960.67,965.13,951.67,965.06,7060111
2023-07-31,2330,965.96,989.39,962.12,986.42,6577750
2023-08-01,2330,989.1,995.26,981.43,989.12,7149764
2023-08-02,2330,987.18,1000.74,985.54,992.28,7192179
2023-08-03,2330,995.56,1007.19,979.88,988.9,6733212
2023-08-04,2330,981.8,1005.47,974.68,1000.33,8174547
2023-08-07,2330,996.16,1021.69,994.97,1016.88,8440136
2023-08-08,2330,1008.48,1011.01,999.37,1004.5,6641817
2023-08-09,2330,1000.89,1008.22,990.77,1000.5,5955542
2023-08-10,2330,1006.54,1016.61,1005.57,1011.74,8574477
2023-08-11,2330,1020.07,1025.07,1008.69,1010.42,9011115
2023-08-14,2330,1011.37,1017.06,998.94,1004.69,9430110
2023-08-15,2330,1002.12,1025.46,987.56,1017.11,9219029
2023-08-16,2330,1016.21,1034.7,1012.85,1030.84,11184686
2023-08-17,2330,1032.79,1035.79,1017.35,1025.53,10176806
2023-08-18,2330,1019.12,1036.35,1011.94,1028.4,13900881
2023-08-21,2330,1026.05,1032.31,1010.05,1013.74,15125525
2023-08-22,2330,1019.56,1023.22,996.44,1003.1,6361170
2023-08-23,2330,998.91,1006.25,994.7,1004.85,5925646
2023-08-24,2330,1001.84,1016.35,997.26,1005.48,8857199
2023-08-25,2330,1005.53,1009.79,993.42,994.06,9784255
2023-08-28,2330,995.19,998.93,979.95,985.77,8876919
2023-08-29,2330,983.31,989.02,934.86,943.92,35990592
2023-08-30,2330,944.21,952.75,938.33,949.31,8684711
2023-08-31,2330,951.62,955.8,917.53,927.13,8095133
2023-09-01,2330,934.41,940.38,908.49,916.11,8364677
2023-09-04,2330,915.65,919.6,890.7,895.86,8942886
2023-09-05,2330,895.71,904.45,892.59,900.59,10842231
2023-09-06,2330,906.09,907.87,877.76,881.33,8570274
2023-09-07,2330,879.4,883.11,879.29,881.89,8915185
2023-09-08,2330,877.22,905.07,872.89,899.46,10441839
2023-09-11,2330,900.36,924.38,894.43,917.75,9118978
2023-09-12,2330,921.7,921.96,886.54,898.09,11584306
2023-09-13,2330,899.38,909.68,892.09,901.53,8045984
2023-09-14,2330,901.18,909.34,888.79,891.05,7750170
2023-09-15,2330,885.89,894.66,878.31,878.52,10056327
2023-09-18,2330,878.31,884.64,873.0,877.54,10244899
2023-09-19,2330,881.87,898.31,873.72,890.7,8153799
2023-09-20,2330,886.3,910.55,881.76,897.33,12130486
2023-09-21,2330,896.45,900.75,882.58,889.85,13458232
2023-09-22,2330,888.47,899.23,883.79,897.6,8489647
2023-09-25,2330,895.1,895.22,865.91,873.66,12402117
2023-09-26,2330,874.53,885.91,865.65,865.98,6166906
2023-09-27,2330,867.52,878.86,846.99,857.64,11462136
2023-09-28,2330,859.12,861.1,857.33,858.66,8067661
2023-09-29,2330,855.3,859.43,847.46,856.78,11183233
2023-10-02,2330,851.14,859.57,846.96,855.54,7859401
2023-10-03,2330,856.44,865.77,849.24,853.96,9188869
2023-10-04,2330,852.24,855.13,847.94,854.41,8001678
2023-10-05,2330,860.69,862.3,854.12,860.16,8861400
2023-10-06,2330,866.64,879.36,855.17,861.91,12729353
2023-10-09,2330,868.78,875.08,850.4,859.19,8926434
2023-10-10,2330,855.96,870.3,846.0,863.55,13221362
2023-10-11,2330,865.51,876.84,859.17,872.32,8378695
2023-10-12,2330,875.36,882.24,855.58,866.72,11663381
2023-10-13,2330,869.35,869.4,860.8,866.32,6604582
2023-10-16,2330,865.09,880.93,856.17,878.61,8338962
2023-10-17,2330,883.11,888.78,860.52,867.21,7907565
2023-10-18,2330,867.21,888.94,863.91,886.21,11388700
2023-10-19,2330,886.66,890.91,866.32,872.19,8850018
2023-10-20,2330,866.82,872.74,859.87,868.79,5825273
2023-10-23,2330,871.03,875.2,854.06,859.1,6639200
2023-10-24,2330,858.2,885.22,851.64,881.87,6938466
2023-10-25,2330,883.51,885.29,868.47,876.76,9755681
2023-10-26,2330,877.59,878.72,866.57,871.71,9438754
2023-10-27,2330,872.34,878.08,863.04,868.05,7659303
2023-10-30,2330,867.89,873.44,856.86,869.27,7251639
2023-10-31,2330,872.0,872.44,861.89,866.06,9014201
2023-11-01,2330,865.37,870.78,862.55,864.89,6400558
2023-11-02,2330,859.86,864.0,827.24,828.48,8430999
2023-11-03,2330,830.37,833.82,825.4,829.26,8218959
2023-11-06,2330,826.57,831.82,823.47,829.64,7241825
2023-11-07,2330,825.25,847.52,822.73,840.19,8092018
2023-11-08,2330,836.75,854.51,834.01,853.6,7597298
2023-11-09,2330,854.56,859.91,844.97,851.89,8078686
2023-11-10,2330,851.56,862.82,839.53,860.44,5754763
2023-11-13,2330,853.1,856.9,841.4,849.28,8096889
2023-11-14,2330,847.98,866.41,839.09,857.32,8641950
2023-11-15,2330,861.33,868.33,847.82,851.64,7545001
2023-11-16,2330,850.1,859.05,834.36,839.75,7869122
2023-11-17,2330,839.19,845.34,831.63,838.09,6868396
2023-11-20,2330,841.58,858.85,838.75,852.38,8162530
2023-11-21,2330,855.09,856.06,850.77,854.45,6984547
2023-11-22,2330,857.94,874.12,849.86,870.0,5576956
2023-11-23,2330,860.36,864.74,760.4,768.36,27646460
2023-11-24,2330,773.69,786.69,768.84,778.21,5049594
2023-11-27,2330,780.19,783.29,771.37,772.32,7094182
2023-11-28,2330,779.92,785.43,770.87,774.6,6263390
2023-11-29,2330,772.17,782.17,771.99,776.81,6167754
2023-11-30,2330,771.33,791.49,766.47,783.17,6873676
2023-12-01,2330,783.19,790.01,777.69,785.72,5850089
2023-12-04,2330,784.85,792.16,775.12,778.95,7274469
2023-12-05,2330,780.98,781.62,726.53,731.63,23426607
2023-12-06,2330,734.77,747.35,729.14,747.01,5924872
2023-12-07,2330,746.75,749.09,736.75,741.97,8425033
2023-12-08,2330,741.25,748.03,724.95,725.81,6875302
2023-12-11,2330,727.33,736.69,723.7,730.34,7433756
2023-12-12,2330,729.59,736.59,722.06,727.62,8581006
2023-12-13,2330,726.63,729.05,717.68,726.66,8579112
2023-12-14,2330,729.67,734.43,726.09,731.69,7426348
2023-12-15,2330,735.38,739.43,721.9,727.87,6361049
2023-12-18,2330,731.02,739.63,718.8,725.7,5217033
2023-12-19,2330,725.21,734.48,721.23,725.01,7040406
2023-12-20,2330,718.8,744.75,711.19,737.98,8308092
2023-12-21,2330,737.54,743.84,729.57,738.43,7317397
2023-12-22,2330,736.19,744.54,719.28,727.66,3718152
2023-12-25,2330,727.29,730.91,711.78,717.4,8142576
2023-12-26,2330,715.48,721.97,704.43,718.78,8296601
2023-12-27,2330,718.72,722.66,706.71,709.22,6699547
2023-12-28,2330,706.27,707.74,686.01,696.1,8521712
2023-12-29,2330,692.54,705.3,686.25,701.58,8056918
2024-01-01,2330,705.02,708.6,697.01,707.52,6418523
2024-01-02,2330,704.78,711.9,701.25,704.57,9214293
2024-01-03,2330,704.57,713.01,697.97,707.23,5890508
2024-01-04,2330,709.93,718.25,700.7,709.01,7395992
2024-01-05,2330,711.6,714.68,710.42,714.31,7336690
2024-01-08,2330,716.58,729.46,712.75,719.67,6570510
2024-01-09,2330,720.54,720.75,695.56,697.35,8133219
2024-01-10,2330,699.37,700.21,691.83,695.51,9848223
2024-01-11,2330,699.33,702.47,697.42,700.01,9837314
2024-01-12,2330,701.2,709.07,693.16,696.73,9043035
2024-01-15,2330,691.61,702.02,679.37,697.21,5909526
2024-01-16,2330,695.74,707.2,686.78,703.66,6368582
2024-01-17,2330,705.62,707.62,704.35,704.52,8428898
2024-01-18,2330,702.76,717.8,696.98,717.45,8210089
2024-01-19,2330,722.1,734.99,715.46,727.33,7625353
2024-01-22,2330,727.15,733.83,723.1,726.48,11864004
2024-01-23,2330,726.72,735.02,720.07,724.93,8660827
2024-01-24,2330,728.19,733.72,695.34,700.32,9453244
2024-01-25,2330,699.81,703.0,697.32,697.75,10332093
2024-01-26,2330,698.24,698.95,685.31,686.59,8808862
2024-01-29,2330,689.06,694.48,683.98,688.59,14018682
2024-01-30,2330,684.53,693.14,680.15,690.02,7482377
2024-01-31,2330,689.23,698.58,687.05,695.96,8006146
2024-02-01,2330,698.26,708.92,696.29,707.79,7589227
2024-02-02,2330,707.98,715.07,703.99,708.14,41982477
2024-02-05,2330,712.29,733.39,705.49,727.69,10527400
2024-02-06,2330,723.1,735.75,718.99,729.9,8311696
2024-02-07,2330,724.97,727.48,709.63,718.61,7890952
2024-02-08,2330,720.82,725.66,711.65,713.94,11889862
2024-02-09,2330,716.41,716.88,706.11,710.93,9937138
2024-02-12,2330,710.38,714.27,640.35,643.29,42188694
2024-02-13,2330,644.33,646.97,630.83,636.14,9286739
2024-02-14,2330,638.04,638.21,632.21,634.03,10328900
2024-02-15,2330,631.96,635.94,623.3,632.96,9973324
2024-02-16,2330,631.17,640.95,629.24,629.72,8466184
2024-02-19,2330,630.19,636.77,622.09,636.0,9249412
2024-02-20,2330,638.3,641.72,634.24,641.06,7682559
2024-02-21,2330,638.07,654.66,632.83,650.19,10404316
2024-02-22,2330,649.68,658.17,640.43,647.77,10924316
2024-02-23,2330,647.14,661.76,641.04,657.28,11386289
2024-02-26,2330,658.38,664.18,644.7,646.69,10739223
2024-02-27,2330,646.67,649.67,630.73,636.08,9300985
2024-02-28,2330,634.69,637.2,618.52,626.97,12570556
2024-02-29,2330,630.1,634.09,625.66,627.2,11144603
2024-03-01,2330,625.84,638.54,616.78,636.4,12159991
2024-03-04,2330,635.66,641.31,627.2,631.96,12266314
2024-03-05,2330,627.94,628.77,625.26,628.51,9207086
2024-03-06,2330,626.71,633.03,625.19,627.03,10063398
2024-03-07,2330,628.33,635.39,625.12,631.5,10746378
2024-03-08,2330,632.31,635.56,626.89,628.04,7567965
2024-03-11,2330,629.54,629.9,621.47,624.18,7561786
2024-03-12,2330,625.55,626.85,611.21,614.25,7292586
2024-03-13,2330,619.38,626.07,609.16,610.19,8985721
2024-03-14,2330,608.37,622.17,602.9,618.97,8576771
2024-03-15,2330,614.96,624.21,611.81,619.8,6988073
2024-03-18,2330,617.19,618.73,612.33,614.45,9232270
2024-03-19,2330,612.72,627.39,609.84,623.72,8770918
2024-03-20,2330,621.29,621.61,614.9,619.49,10956589
2024-03-21,2330,619.73,634.24,615.83,630.21,12624349
2024-03-22,2330,633.36,645.77,631.34,640.98,9462070
2024-03-25,2330,644.93,649.62,637.4,641.57,7623834
2024-03-26,2330,642.86,644.4,626.54,630.19,9624859
2024-03-27,2330,635.59,650.66,634.67,647.66,8504736
2024-03-28,2330,646.74,656.14,643.61,650.84,8056682
2024-03-29,2330,646.59,651.81,641.21,648.47,7136343
2024-04-01,2330,651.2,659.25,645.8,656.07,7592088
2024-04-02,2330,651.25,670.77,647.94,661.76,7915954
2024-04-03,2330,659.77,673.82,654.02,672.34,9353043
2024-04-04,2330,673.74,680.69,665.78,667.16,8783933
2024-04-05,2330,666.89,670.81,665.42,669.88,11017020
2024-04-08,2330,669.37,675.14,657.22,660.52,8864632
2024-04-09,2330,657.4,671.84,649.51,665.96,8388795
2024-04-10,2330,665.93,668.58,661.5,665.94,7280900
2024-04-11,2330,668.62,669.37,665.08,668.36,6318835
2024-04-12,2330,668.41,669.67,659.22,667.35,6805180
2024-04-15,2330,665.13,667.86,661.91,665.51,6582404
2024-04-16,2330,662.19,667.55,648.9,658.74,4663046
2024-04-17,2330,656.61,666.28,654.01,665.15,6107578
2024-04-18,2330,666.2,681.54,664.9,677.21,9680959
2024-04-19,2330,678.14,678.2,669.27,672.86,7683339
2024-04-22,2330,670.7,680.92,667.34,677.49,6660368
2024-04-23,2330,671.5,672.45,668.25,670.1,26576234
2024-04-24,2330,671.23,675.05,659.34,670.34,4932597
2024-04-25,2330,667.93,670.6,653.43,658.22,7320018
2024-04-26,2330,660.04,660.85,643.01,648.11,8693544
2024-04-29,2330,646.15,648.32,639.53,642.19,6713366
2024-04-30,2330,639.66,641.1,623.56,625.87,4956579
2024-05-01,2330,626.25,637.08,619.93,636.6,6293200
2024-05-02,2330,642.61,649.25,639.12,639.57,8491884
2024-05-03,2330,641.49,644.41,638.59,639.5,7034636
2024-05-06,2330,639.85,641.65,619.73,622.85,5181281
2024-05-07,2330,623.75,625.93,602.43,609.38,10208321
2024-05-08,2330,605.11,615.4,602.38,609.51,5305101
2024-05-09,2330,606.78,625.92,602.12,624.08,6350976
2024-05-10,2330,617.81,626.42,614.03,619.0,5497274
2024-05-13,2330,623.28,627.18,616.31,625.57,5494907
2024-05-14,2330,629.39,634.44,621.91,622.13,6103803
2024-05-15,2330,623.1,629.43,617.12,622.69,7429660
2024-05-16,2330,623.03,636.86,619.79,631.93,8369682
2024-05-17,2330,628.0,629.78,621.91,629.46,6201701
2024-05-20,2330,628.91,630.31,622.7,624.4,5557665
2024-05-21,2330,628.88,641.97,625.05,635.19,7289768
2024-05-22,2330,635.52,637.46,631.97,635.69,7357271
2024-05-23,2330,634.26,650.55,632.99,644.18,7043247
2024-05-24,2330,639.65,642.38,638.48,639.04,7124682
2024-05-27,2330,642.57,654.25,640.2,649.99,6681617
2024-05-28,2330,649.8,652.58,645.57,652.28,6983233
2024-05-29,2330,647.7,658.19,645.77,655.85,6685053
2024-05-30,2330,653.42,658.69,650.37,657.05,8435209
2024-05-31,2330,653.69,658.2,652.22,653.23,10470198
2024-06-03,2330,652.88,657.54,649.93,653.38,7299412
2024-06-04,2330,653.92,659.05,643.51,650.07,7118459
2024-06-05,2330,648.76,660.37,643.04,657.72,7528408
2024-06-06,2330,659.76,661.27,652.57,656.28,6444695
2024-06-07,2330,656.49,660.91,640.16,644.66,8403918
2024-06-10,2330,647.4,648.62,630.13,631.83,8004148
2024-06-11,2330,630.93,637.43,611.16,618.89,6921282
2024-06-12,2330,626.43,629.91,614.74,623.64,8868896
2024-06-13,2330,622.23,625.15,611.08,615.18,7641614
2024-06-14,2330,612.95,622.39,602.92,617.55,6460312
2024-06-17,2330,615.01,622.24,612.99,618.71,8279017
2024-06-18,2330,618.19,618.78,617.58,618.39,8192825
2024-06-19,2330,614.13,622.89,612.19,621.8,9427441
2024-06-20,2330,622.53,629.51,619.34,623.13,9304801
2024-06-21,2330,618.38,622.3,593.83,603.03,7934472
2024-06-24,2330,603.42,603.85,597.9,600.83,7506889
2024-06-25,2330,597.59,608.52,596.06,604.05,8255633
2024-06-26,2330,603.13,618.41,601.68,616.09,8895997
2024-06-27,2330,617.58,630.29,611.06,628.71,9177170
2024-06-28,2330,634.51,635.41,612.41,618.59,8963167
2024-07-01,2330,615.92,622.3,613.42,616.14,8427706
2024-07-02,2330,615.77,616.92,603.81,604.72,10340054
2024-07-03,2330,602.97,617.53,602.07,615.9,7718989
2024-07-04,2330,613.76,627.58,605.85,623.54,13729052
2024-07-05,2330,621.76,634.03,616.31,626.32,10159646
2024-07-08,2330,628.38,633.54,623.79,627.72,7283719
2024-07-09,2330,626.5,639.95,618.05,638.28,9291508
2024-07-10,2330,644.02,655.57,635.11,647.72,10398390
2024-07-11,2330,648.79,657.26,645.0,656.88,8551562
2024-07-12,2330,654.23,665.31,650.35,660.64,7000055
2024-07-15,2330,659.67,664.92,655.62,658.04,7641971
2024-07-16,2330,655.93,665.91,652.74,664.26,10211307
2024-07-17,2330,666.39,676.83,666.35,670.93,6786252
2024-07-18,2330,666.54,672.21,666.51,669.57,7201064
2024-07-19,2330,665.97,672.77,665.38,666.91,10336532
2024-07-22,2330,665.33,677.07,658.46,676.15,9047550
2024-07-23,2330,678.0,694.88,677.83,689.82,8334138
2024-07-24,2330,693.22,696.24,674.35,683.79,8663688
2024-07-25,2330,687.56,694.85,679.7,681.8,7283247
2024-07-26,2330,683.24,688.83,674.4,684.84,10372848
2024-07-29,2330,684.61,696.59,681.5,689.01,8231859
2024-07-30,2330,691.2,696.75,684.68,684.86,8649357
2024-07-31,2330,681.73,704.36,674.14,700.51,10141156
2024-08-01,2330,695.35,710.68,687.27,704.24,9095478
2024-08-02,2330,705.47,715.41,703.79,708.9,8385063
2024-08-05,2330,706.05,729.75,702.75,724.04,6646168
2024-08-06,2330,723.85,726.15,718.61,720.32,10141731
2024-08-07,2330,720.67,722.16,715.77,719.74,9608603
2024-08-08,2330,720.45,728.76,704.53,709.09,8608649
2024-08-09,2330,711.75,712.45,704.55,707.8,7815943
2024-08-12,2330,710.16,716.93,694.45,695.34,9409724
2024-08-13,2330,695.88,707.94,693.32,701.75,10196401
2024-08-14,2330,700.51,707.65,694.33,705.46,9476466
2024-08-15,2330,705.77,707.16,699.66,703.29,12444776
2024-08-16,2330,701.61,705.24,698.32,702.62,10465884
2024-08-19,2330,702.07,719.37,700.47,709.22,8992137
2024-08-20,2330,716.64,718.47,697.24,699.73,10407743
2024-08-21,2330,700.24,703.6,692.09,701.62,9134216
2024-08-22,2330,702.88,709.1,701.87,707.68,9066929
2024-08-23,2330,705.68,713.35,686.57,692.72,11276394
2024-08-26,2330,695.55,702.1,691.25,698.59,7540087
2024-08-27,2330,700.71,703.16,679.95,684.73,8830969
2024-08-28,2330,686.83,694.84,681.84,683.94,10805828
2024-08-29,2330,684.52,690.22,671.46,674.56,9144264
2024-08-30,2330,677.35,687.91,673.3,686.31,8023470
2024-09-02,2330,689.8,690.57,674.3,676.95,6250901
2024-09-03,2330,677.72,684.93,658.86,663.72,5595537
2024-09-04,2330,663.41,668.98,658.22,664.95,12120866
2024-09-05,2330,667.33,667.46,652.09,661.81,8733293
2024-09-06,2330,659.42,660.16,645.4,650.03,7364772
2024-09-09,2330,648.16,655.3,647.09,654.29,8626485
2024-09-10,2330,654.15,654.83,632.01,638.82,6762130
2024-09-11,2330,634.37,635.76,627.76,631.04,7479809
2024-09-12,2330,633.12,634.14,618.03,626.84,6634666
2024-09-13,2330,624.42,634.5,617.0,633.03,6032272
2024-09-16,2330,631.83,645.7,629.32,643.03,5272290
2024-09-17,2330,642.48,660.02,636.77,651.7,5718346
2024-09-18,2330,651.8,655.01,648.3,650.66,9070857
2024-09-19,2330,649.77,653.23,628.07,631.87,6256927
2024-09-20,2330,631.7,640.1,626.2,634.99,8148654
2024-09-23,2330,634.84,649.62,628.21,646.36,8707638
2024-09-24,2330,645.2,661.08,639.02,656.09,7283735
2024-09-25,2330,654.06,664.6,649.94,659.9,6819820
2024-09-26,2330,662.75,667.05,640.28,650.64,7306259
2024-09-27,2330,645.17,657.74,642.24,646.7,6562294
2024-09-30,2330,646.17,668.26,645.9,661.87,8714152
2024-10-01,2330,660.63,661.74,650.56,650.79,9760431
2024-10-02,2330,651.88,656.75,634.35,641.99,8973529
2024-10-03,2330,638.25,651.25,634.62,649.41,4661109
2024-10-04,2330,648.11,653.15,641.92,646.21,6306572
2024-10-07,2330,645.95,646.27,634.77,637.21,6788689
2024-10-08,2330,639.93,650.07,637.25,649.05,7335082
2024-10-09,2330,649.91,657.62,648.06,652.8,4922383
2024-10-10,2330,649.71,656.47,644.59,649.98,4888498
2024-10-11,2330,648.71,653.91,637.6,641.2,8436328
2024-10-14,2330,643.47,663.3,638.49,657.12,6013125
2024-10-15,2330,653.96,662.01,649.15,657.09,5077247
2024-10-16,2330,656.88,672.74,654.06,668.27,5432659
2024-10-17,2330,668.24,678.3,668.13,675.6,7103759
2024-10-18,2330,674.56,680.8,671.43,671.55,5709955
2024-10-21,2330,678.79,685.65,655.5,667.58,6919686
2024-10-22,2330,666.48,683.24,658.54,679.34,5562172
2024-10-23,2330,680.56,695.25,672.83,691.43,4855698
2024-10-24,2330,689.31,697.83,673.8,676.03,8611547
2024-10-25,2330,677.46,684.69,673.36,680.66,7182450
2024-10-28,2330,683.03,687.33,677.98,679.84,6320322
2024-10-29,2330,678.24,683.62,671.07,671.58,6137932
2024-10-30,2330,671.43,677.63,668.98,673.85,8820597
2024-10-31,2330,671.44,673.27,655.61,663.11,7580049
2024-11-01,2330,660.07,665.03,603.09,608.79,29500463
2024-11-04,2330,611.32,614.89,601.83,603.11,6214161
2024-11-05,2330,601.78,609.82,596.8,599.65,7015837
2024-11-06,2330,593.86,604.77,588.51,599.28,7531121
2024-11-07,2330,603.51,605.7,589.93,592.13,6395814
2024-11-08,2330,590.23,608.83,586.5,603.45,6999535
2024-11-11,2330,602.86,611.57,598.27,607.18,6467003
2024-11-12,2330,611.16,627.38,606.54,620.4,7788283
2024-11-13,2330,620.05,622.47,615.02,619.37,5767469
2024-11-14,2330,618.96,623.14,613.36,615.44,8187139
2024-11-15,2330,612.42,632.11,610.09,628.58,7887339
2024-11-18,2330,624.47,685.32,623.56,681.08,25415954
2024-11-19,2330,680.62,682.3,679.62,679.79,8249272
2024-11-20,2330,680.78,691.53,677.0,685.83,7196631
2024-11-21,2330,686.67,691.94,669.56,675.82,6881405
2024-11-22,2330,674.52,689.35,674.19,681.76,8649328
2024-11-25,2330,681.81,690.79,676.98,686.7,8805932
2024-11-26,2330,681.65,700.37,675.42,697.33,7305029
2024-11-27,2330,698.61,711.41,697.67,704.95,7265641
2024-11-28,2330,705.41,718.15,701.94,716.13,7900307
2024-11-29,2330,721.78,729.24,706.35,715.36,7465370
2024-12-02,2330,715.38,722.77,702.32,708.13,10955025
2024-12-03,2330,705.46,734.25,704.41,726.24,8896865
2024-12-04,2330,726.09,731.54,706.96,713.11,8504618
2024-12-05,2330,712.18,715.06,698.97,701.08,7236277
2024-12-06,2330,702.3,710.56,696.15,706.01,9862874
2024-12-09,2330,706.09,725.37,703.8,719.96,7800269
2024-12-10,2330,716.33,724.49,712.18,721.77,7806416
2024-12-11,2330,717.05,738.89,714.29,730.61,10169488
2024-12-12,2330,731.38,737.46,709.01,713.3,9560025
2024-12-13,2330,717.24,718.98,706.55,709.2,5722792
2024-12-16,2330,709.42,719.02,689.89,693.43,8789193
2024-12-17,2330,695.68,704.57,694.78,700.09,9309028
2024-12-18,2330,702.93,704.07,681.8,687.27,8613630
2024-12-19,2330,688.0,689.85,672.37,676.9,9478453
2024-12-20,2330,674.7,689.39,674.38,681.25,6683783
2024-12-23,2330,681.78,699.28,674.98,690.1,5588419
2024-12-24,2330,693.43,700.39,685.31,688.96,7839062
2024-12-25,2330,690.42,701.67,685.83,693.84,9869945
2024-12-26,2330,695.92,706.08,689.61,698.49,5268469
2024-12-27,2330,697.2,702.94,691.77,696.86,8113145
2024-12-30,2330,696.3,701.39,680.55,687.88,6698363
2024-12-31,2330,687.55,698.37,684.24,692.72,9083539
2025-01-01,2330,692.57,704.23,685.55,697.99,13521353
2025-01-02,2330,701.25,707.79,696.69,705.65,9152269
2025-01-03,2330,699.02,714.79,693.41,708.47,9341991
2025-01-06,2330,708.55,716.94,693.39,698.71,11081063
2025-01-07,2330,698.49,708.32,690.83,704.67,9562475
2025-01-08,2330,700.81,708.18,694.58,704.84,9158458
2025-01-09,2330,706.73,712.32,697.97,700.93,11235385
2025-01-10,2330,698.9,701.28,696.23,698.63,10336069
2025-01-13,2330,697.63,698.14,689.0,693.02,9980326
2025-01-14,2330,698.14,708.0,696.07,700.58,9218242
2025-01-15,2330,703.41,706.36,687.6,688.83,8854429
2025-01-16,2330,690.42,694.61,679.08,680.79,11077242
2025-01-17,2330,681.83,684.26,678.14,678.28,8805577
2025-01-20,2330,677.83,699.26,668.38,691.58,11626435
2025-01-21,2330,697.11,707.1,694.76,700.51,7678662
2025-01-22,2330,702.75,706.29,677.54,686.89,11939662
2025-01-23,2330,684.83,699.09,679.61,698.2,9986075
2025-01-24,2330,694.29,712.95,690.26,709.68,7659334
2025-01-27,2330,711.29,717.18,699.86,699.86,9929630
2025-01-28,2330,699.7,704.43,674.77,678.86,8005426
2025-01-29,2330,674.98,682.8,665.82,678.44,8989821
2025-01-30,2330,679.6,692.45,671.29,687.75,8125720
2025-01-31,2330,687.01,707.38,682.13,701.05,8592758
2025-02-03,2330,702.54,706.64,692.92,693.9,10341865
2025-02-04,2330,695.13,714.19,693.62,708.66,9503629
2025-02-05,2330,706.94,708.39,688.11,689.89,7008292
2025-02-06,2330,691.64,702.85,679.38,687.02,7017875
2025-02-07,2330,685.65,688.98,675.18,683.75,8848756
2025-02-10,2330,682.57,698.1,677.94,693.38,8881005
2025-02-11,2330,691.9,710.17,688.59,704.35,7323973
2025-02-12,2330,707.54,715.7,698.91,712.59,10905153
2025-02-13,2330,711.79,716.09,699.76,701.22,9387073
2025-02-14,2330,705.07,712.9,700.7,708.66,7172788
2025-02-17,2330,713.71,715.38,707.56,713.16,6978283
2025-02-18,2330,711.06,716.57,697.26,699.04,7550850
2025-02-19,2330,690.87,691.28,679.52,681.87,7335815
2025-02-20,2330,684.72,699.52,682.57,690.54,9664476
2025-02-21,2330,689.59,695.92,681.18,689.22,9110728
2025-02-24,2330,686.83,692.71,669.49,678.76,7602815
2025-02-25,2330,677.16,677.88,672.79,677.24,8451206
2025-02-26,2330,676.11,682.29,672.78,680.36,8590438
2025-02-27,2330,683.89,691.8,677.41,679.86,7414318
2025-02-28,2330,680.29,695.67,663.36,667.37,7814880
2025-03-03,2330,670.79,689.99,668.24,682.63,8015688
2025-03-04,2330,683.98,698.04,680.14,691.03,7794338
2025-03-05,2330,690.17,695.76,683.15,688.42,6153091
2025-03-06,2330,687.35,689.14,683.15,686.16,6215380
2025-03-07,2330,687.7,696.17,684.09,689.29,6615019
2025-03-10,2330,691.55,692.65,676.54,680.12,6090917
2025-03-11,2330,682.83,683.71,679.6,682.92,5269919
2025-03-12,2330,682.2,682.82,669.34,672.18,7709989
2025-03-13,2330,672.66,679.32,665.7,671.78,7223922
2025-03-14,2330,673.35,677.24,661.81,662.53,5305332
2025-03-17,2330,661.51,665.75,645.77,653.81,6435096
2025-03-18,2330,650.84,670.84,646.58,666.88,6474660
2025-03-19,2330,664.73,668.52,659.12,667.52,6892101
2025-03-20,2330,666.88,671.57,660.94,669.35,5474375
2025-03-21,2330,671.12,673.49,651.29,653.36,5201552
2025-03-24,2330,656.65,656.9,647.33,648.85,7277177
2025-03-25,2330,645.33,655.2,644.12,652.6,5024210
2025-03-26,2330,651.04,655.38,647.78,654.28,6349444
2025-03-27,2330,653.35,658.78,631.93,637.53,6246960
2025-03-28,2330,639.56,645.09,636.94,639.28,6487091
2025-03-31,2330,637.93,642.78,632.55,642.25,6954433
2025-04-01,2330,641.15,655.44,638.92,652.3,8883325
2025-04-02,2330,648.62,657.33,644.45,647.34,5011391
2025-04-03,2330,648.59,649.94,623.36,630.08,7855590
2025-04-04,2330,629.68,634.53,619.39,622.7,4287405
2025-04-07,2330,621.08,625.06,613.01,614.66,8703772
2025-04-08,2330,614.02,626.68,611.95,620.25,4715029
2025-04-09,2330,623.05,627.52,596.52,600.18,10624303
2025-04-10,2330,597.77,600.33,595.94,597.11,6430586
2025-04-11,2330,595.1,611.28,589.01,607.47,8763563
2025-04-14,2330,610.51,614.38,605.45,607.68,8508266
2025-04-15,2330,607.86,617.82,605.34,614.36,6522721
2025-04-16,2330,616.01,616.45,600.41,602.41,6668888
2025-04-17,2330,603.38,610.0,590.67,590.98,6173161
2025-04-18,2330,590.9,607.5,584.54,601.32,8344690
2025-04-21,2330,600.49,603.3,595.4,602.2,6773003
2025-04-22,2330,604.21,607.11,602.61,603.1,6367816
2025-04-23,2330,605.9,608.99,593.09,595.16,8207812
2025-04-24,2330,597.74,598.56,592.52,596.03,6402895
2025-04-25,2330,593.2,594.07,587.27,587.98,7163632
2025-04-28,2330,591.05,598.48,589.86,596.5,7827133
2025-04-29,2330,595.65,619.0,592.45,616.18,6908968
2025-04-30,2330,614.32,620.06,609.22,619.91,7171700
2025-05-01,2330,619.49,623.64,610.19,615.34,10434038
2025-05-02,2330,617.39,623.96,591.12,596.79,7706993
2025-05-05,2330,598.08,603.68,584.75,584.87,7570056
2025-05-06,2330,584.27,599.2,580.63,595.93,7903874
2025-05-07,2330,597.93,598.74,585.82,588.72,8939599
2025-05-08,2330,589.05,594.27,582.93,586.25,6905034
2025-05-09,2330,584.9,594.9,581.89,591.0,9067717
2025-05-12,2330,589.33,606.3,587.35,601.66,8874115
2025-05-13,2330,602.65,610.93,596.73,600.37,6197665
2025-05-14,2330,600.18,601.8,591.25,597.61,11916028
2025-05-15,2330,594.32,601.56,589.97,598.27,11317837
2025-05-16,2330,600.3,601.37,593.88,593.92,7595493
2025-05-19,2330,592.77,597.48,585.32,589.97,7224887
2025-05-20,2330,593.73,597.36,590.54,593.04,9283155
2025-05-21,2330,589.71,595.18,587.16,594.5,6943016
2025-05-22,2330,594.07,610.06,592.34,609.86,11551815
2025-05-23,2330,608.15,616.03,603.2,613.22,8359984
2025-05-26,2330,610.83,622.48,609.12,621.85,12253648
2025-05-27,2330,620.64,625.65,613.02,614.01,7934559
2025-05-28,2330,618.36,621.05,611.53,618.03,9067864
2025-05-29,2330,618.39,620.55,609.59,612.83,11680548
2025-05-30,2330,610.88,617.71,607.58,615.89,8811952
2025-06-02,2330,611.38,625.51,606.02,621.13,9848289
2025-06-03,2330,616.85,625.49,614.8,621.66,11456824
2025-06-04,2330,620.32,644.13,617.76,639.77,8541651
2025-06-05,2330,638.15,655.27,633.54,650.89,7542930
2025-06-06,2330,650.31,664.02,650.2,660.25,7296369
2025-06-09,2330,654.25,667.72,649.75,666.47,10556270
2025-06-10,2330,666.23,682.84,664.24,680.74,10205972
2025-06-11,2330,683.54,686.56,662.87,669.17,11529562
2025-06-12,2330,673.52,690.05,668.0,680.34,9068790
2025-06-13,2330,675.19,675.6,667.27,672.42,7363353
2025-06-16,2330,670.26,673.16,667.75,668.03,6233659
2025-06-17,2330,665.75,677.0,662.03,672.7,15936838
2025-06-18,2330,673.09,686.09,672.23,682.83,10440783
2025-06-19,2330,679.49,686.49,669.6,673.54,9713379
2025-06-20,2330,678.08,681.31,667.39,669.57,9940162
2025-06-23,2330,669.69,673.91,669.58,670.52,7285426
2025-06-24,2330,670.19,676.4,661.99,669.19,8142330
2025-06-25,2330,673.45,685.17,668.42,676.21,12808928
2025-06-26,2330,676.17,712.45,673.07,704.26,10491813
2025-06-27,2330,705.39,711.84,703.72,707.98,8084613
2025-06-30,2330,705.86,709.95,700.75,701.91,7399979
2025-07-01,2330,698.07,702.39,686.47,691.17,8364182
2025-07-02,2330,689.48,694.02,685.46,688.65,8619970
2025-07-03,2330,694.67,696.48,672.75,681.05,13110176
2025-07-04,2330,682.77,691.72,679.18,685.04,8705522
2025-07-07,2330,685.79,693.63,681.52,688.93,7218615
2025-07-08,2330,686.24,690.23,684.96,685.27,8783007
2025-07-09,2330,687.77,702.41,684.63,701.76,9236811
2025-07-10,2330,697.95,702.31,691.08,695.75,6938227
2025-07-11,2330,691.38,696.01,688.27,694.92,9314401
2025-07-14,2330,693.37,703.0,690.55,700.43,10677317
2025-07-15,2330,705.9,710.75,700.74,708.1,8728207
2025-07-16,2330,713.47,724.27,704.87,719.13,7307996
2025-07-17,2330,717.83,732.78,713.11,723.01,7597868
2025-07-18,2330,721.06,738.38,713.43,732.31,6140483
2025-07-21,2330,727.5,736.08,720.48,726.65,8001782
2025-07-22,2330,726.87,741.14,719.36,734.83,8583255
2025-07-23,2330,735.31,839.22,732.69,830.5,23932692
2025-07-24,2330,833.12,857.14,828.81,845.79,11278968
2025-07-25,2330,848.87,851.47,824.76,829.06,9081737
2025-07-28,2330,828.41,830.74,813.53,820.25,5645122
2025-07-29,2330,822.07,835.74,814.53,828.55,5608752
2025-07-30,2330,826.23,831.18,797.18,802.4,6398703
2025-07-31,2330,804.12,812.89,796.48,807.34,10037736
2025-08-01,2330,805.7,821.9,802.68,817.81,8789973
2025-08-04,2330,819.31,822.27,804.6,812.35,9931644
2025-08-05,2330,813.58,823.74,800.23,808.36,7357263
2025-08-06,2330,808.59,809.88,791.19,798.15,7005890
2025-08-07,2330,800.68,807.68,788.16,793.35,5759034
2025-08-08,2330,788.37,795.25,781.39,788.86,7609642
2025-08-11,2330,785.5,785.75,780.69,782.59,6838989
2025-08-12,2330,781.75,783.84,770.59,775.86,6736547
2025-08-13,2330,771.38,776.12,765.83,773.53,9330348
2025-08-14,2330,772.27,778.65,770.57,771.1,6766242
2025-08-15,2330,769.94,792.2,763.86,788.63,8735478
2025-08-18,2330,792.76,797.25,784.31,785.1,5132460
2025-08-19,2330,785.55,788.67,782.18,788.54,11017066
2025-08-20,2330,791.78,803.9,778.45,783.27,6316057
2025-08-21,2330,784.22,789.15,775.53,777.93,7635840
2025-08-22,2330,776.26,782.47,757.39,762.21,7825325
2025-08-25,2330,762.62,765.55,743.34,748.03,6100733
2025-08-26,2330,750.21,752.76,735.38,737.38,7709812
2025-08-27,2330,740.9,751.02,733.08,739.19,7765079
2025-08-28,2330,738.8,750.17,736.63,748.92,5829560
2025-08-29,2330,743.99,749.28,721.95,733.05,5836882
2025-09-01,2330,728.02,729.25,723.97,728.41,6675107
2025-09-02,2330,727.46,730.64,715.7,716.64,6487761
2025-09-03,2330,709.94,717.01,708.48,714.55,8521744
2025-09-04,2330,719.68,725.44,712.06,723.95,7539515
2025-09-05,2330,725.68,730.14,717.11,720.25,6576356
2025-09-08,2330,718.42,723.09,718.03,720.02,7451220
2025-09-09,2330,716.82,720.22,684.36,690.87,16238862
2025-09-10,2330,693.71,698.75,690.7,694.84,6029455
2025-09-11,2330,691.74,692.13,682.74,688.67,7129082
2025-09-12,2330,685.87,698.48,679.18,690.16,8320064
2025-09-15,2330,688.04,690.53,678.62,683.48,7098850
2025-09-16,2330,683.79,690.57,673.13,687.1,8962417
2025-09-17,2330,688.8,694.03,688.18,691.52,8116107
2025-09-18,2330,694.82,698.76,678.49,680.34,6406009
2025-09-19,2330,683.19,690.86,678.55,681.94,6874791
2025-09-22,2330,681.95,692.78,670.9,681.15,7651454
2025-09-23,2330,683.93,691.94,674.91,685.77,6614639
2025-09-24,2330,683.93,699.96,676.31,692.79,9531886
2025-09-25,2330,687.74,705.9,685.8,696.93,5981581
2025-09-26,2330,695.06,699.92,692.28,694.57,7804015
2025-09-29,2330,692.33,711.15,690.47,702.52,8497780
2025-09-30,2330,700.75,707.17,693.34,695.34,7105401
2025-10-01,2330,692.67,697.22,676.3,684.49,6891390
2025-10-02,2330,683.23,688.29,655.11,658.42,7565800
2025-10-03,2330,660.05,660.9,654.37,658.03,8967696
2025-10-06,2330,662.54,667.29,645.78,651.71,7153913
2025-10-07,2330,647.21,655.09,646.78,654.98,6523320
2025-10-08,2330,651.61,651.93,635.68,639.65,9825823
2025-10-09,2330,637.62,641.94,633.82,634.84,8669691
2025-10-10,2330,636.79,639.57,633.72,638.58,9770106
2025-10-13,2330,638.06,641.87,628.55,630.85,9434939
2025-10-14,2330,629.02,638.26,626.85,634.11,12302393
2025-10-15,2330,635.92,640.21,625.68,630.03,10253335
2025-10-16,2330,632.44,633.94,625.6,629.94,7432514
2025-10-17,2330,629.89,640.68,626.66,634.59,9299026
2025-10-20,2330,632.52,645.63,627.79,642.01,7796904
2025-10-21,2330,642.7,647.87,641.08,642.88,8011472
2025-10-22,2330,642.28,643.06,631.2,636.76,6797938
2025-10-23,2330,636.15,639.51,630.14,633.42,8392278
2025-10-24,2330,632.12,645.05,629.55,638.42,9821119
2025-10-27,2330,640.78,647.11,628.98,630.76,8862409
2025-10-28,2330,631.39,633.16,626.4,629.57,7409269
2025-10-29,2330,632.17,634.59,618.36,626.81,6910336
2025-10-30,2330,630.16,631.45,622.59,626.19,13375870
2025-10-31,2330,627.34,629.45,617.88,618.76,9753344
2025-11-03,2330,617.51,617.76,599.31,605.16,7973327
2025-11-04,2330,607.68,612.41,605.18,609.1,10099542
2025-11-05,2330,610.23,621.55,605.88,616.3,13845080
2025-11-06,2330,622.71,624.49,601.04,603.2,10481708
2025-11-07,2330,603.94,609.43,597.23,606.02,5696804
2025-11-10,2330,607.71,617.19,605.5,614.05,15213301
2025-11-11,2330,614.76,624.91,607.63,618.59,6784350
2025-11-12,2330,618.34,620.54,614.54,615.65,9140058
2025-11-13,2330,615.01,617.29,605.9,608.84,7748806
2025-11-14,2330,609.55,611.17,602.48,609.58,8328534
2025-11-17,2330,610.85,612.43,606.77,611.54,10023671
2025-11-18,2330,614.37,619.35,603.16,612.4,6562483
2025-11-19,2330,613.16,616.5,608.22,611.23,9373028
2025-11-20,2330,610.1,613.89,599.2,603.44,11705496
2025-11-21,2330,602.65,613.39,594.44,606.65,8172218
2025-11-24,2330,603.44,617.15,603.41,610.23,7394904
2025-11-25,2330,614.29,614.65,611.52,611.86,9244428
2025-11-26,2330,610.53,618.09,608.81,612.82,8897636
2025-11-27,2330,615.19,629.64,609.5,625.33,8471261
2025-11-28,2330,626.02,628.62,620.52,620.8,7588228
2025-12-01,2330,621.55,635.11,616.34,630.5,10279859
2025-12-02,2330,630.2,630.77,620.03,625.1,10377843
2025-12-03,2330,623.13,641.08,614.37,633.58,7660432
2025-12-04,2330,631.12,648.3,624.7,643.11,7813974
2025-12-05,2330,647.56,649.2,636.23,641.01,9411264
2025-12-08,2330,641.3,656.34,633.97,653.95,7673388
2025-12-09,2330,656.89,658.33,651.53,657.79,9368315
2025-12-10,2330,661.44,664.57,648.32,651.03,11737187
2025-12-11,2330,649.96,652.61,647.35,648.27,8852656
2025-12-12,2330,649.37,657.71,646.95,657.25,7139574
2025-12-15,2330,657.36,670.74,653.53,664.69,9458967
2025-12-16,2330,661.61,668.96,652.02,656.42,8468606
2025-12-17,2330,655.93,659.79,653.82,655.48,8439908
2025-12-18,2330,657.02,660.39,653.66,657.25,9364530
2025-12-19,2330,655.94,661.01,649.41,653.41,9649101
2025-12-22,2330,652.56,676.04,647.22,672.06,8497165
2025-12-23,2330,671.59,675.24,663.19,674.11,8273549
2025-12-24,2330,679.81,682.11,669.24,673.78,12011576
2025-12-25,2330,668.84,686.87,667.26,683.58,10183910
2025-12-26,2330,684.95,689.74,679.89,680.75,9439269
2025-12-29,2330,680.06,693.31,674.11,689.15,8235636
2025-12-30,2330,687.39,692.09,673.83,675.53,6644200
2025-12-31,2330,674.78,674.85,665.66,672.03,9655939
2021-01-01,2317,104.76,105.39,103.97,104.72,8347082
2021-01-04,2317,104.6,105.0,102.75,103.53,6155915
2021-01-05,2317,103.8,105.44,103.12,104.87,13958447
2021-01-06,2317,105.04,107.22,104.73,105.76,8976557
2021-01-07,2317,106.41,107.12,105.74,106.01,7392483
2021-01-08,2317,106.53,107.39,105.39,105.99,10979320
2021-01-11,2317,106.82,107.26,104.57,105.15,13004255
2021-01-12,2317,105.38,105.68,101.69,102.49,8768609
2021-01-13,2317,102.71,103.32,99.72,100.77,9009469
2021-01-14,2317,100.58,102.19,99.16,99.9,9652519
2021-01-15,2317,100.23,100.72,98.58,98.86,7631744
2021-01-18,2317,98.6,99.96,98.33,99.22,8294261
2021-01-19,2317,98.64,100.48,98.35,100.21,13038147
2021-01-20,2317,100.83,101.33,100.02,100.08,9301962
2021-01-21,2317,99.58,102.09,99.28,101.8,8246419
2021-01-22,2317,101.98,103.56,100.17,100.87,8893337
2021-01-25,2317,100.52,101.58,99.88,100.73,11769493
2021-01-26,2317,101.19,102.46,99.34,100.7,6835058
2021-01-27,2317,101.2,102.51,100.4,102.04,10262210
2021-01-28,2317,102.26,102.61,100.8,102.2,15337603
2021-01-29,2317,102.71,102.87,101.48,102.39,14249763
2021-02-01,2317,102.39,103.17,99.34,100.38,11000306
2021-02-02,2317,101.27,101.98,98.87,99.32,12614593
2021-02-03,2317,99.62,101.25,99.45,100.65,12626735
2021-02-04,2317,100.29,100.68,97.76,98.17,9778319
2021-02-05,2317,98.2,100.75,97.61,99.77,11834910
2021-02-08,2317,99.71,100.8,99.37,100.4,13843821
2021-02-09,2317,100.3,101.02,99.32,99.52,7998479
2021-02-10,2317,98.86,99.53,97.8,98.55,11143877
2021-02-11,2317,98.71,101.28,98.51,100.82,10719370
2021-02-12,2317,100.26,102.81,100.25,102.55,10226472
2021-02-15,2317,101.52,102.87,101.36,102.43,10054273
2021-02-16,2317,102.29,104.01,101.77,102.62,10439014
2021-02-17,2317,102.31,103.38,101.65,101.85,10576908
2021-02-18,2317,101.5,103.07,100.99,102.04,12191996
2021-02-19,2317,100.78,101.53,99.93,101.24,10829810
2021-02-22,2317,100.9,101.2,100.06,101.17,9594216
2021-02-23,2317,101.1,104.47,100.76,103.4,8484100
2021-02-24,2317,103.13,104.3,103.05,103.3,9025929
2021-02-25,2317,103.46,104.14,101.65,102.03,10252072
2021-02-26,2317,102.6,103.06,99.52,100.38,8570123
2021-03-01,2317,100.59,100.6,99.6,100.56,11474454
2021-03-02,2317,100.97,101.93,98.93,99.67,10395380
2021-03-03,2317,100.11,101.19,98.91,99.99,11745616
2021-03-04,2317,99.58,99.91,96.8,98.07,8465261
2021-03-05,2317,98.24,99.2,97.84,98.91,8119857
2021-03-08,2317,99.3,100.39,96.51,97.67,11484393
2021-03-09,2317,97.5,98.09,97.02,97.75,9508134
2021-03-10,2317,97.44,98.72,96.4,97.38,8883895
2021-03-11,2317,97.59,99.96,96.72,99.41,10361397
2021-03-12,2317,98.82,100.09,98.63,99.64,10203605
2021-03-15,2317,99.21,102.62,99.0,101.99,7161589
2021-03-16,2317,101.72,103.16,101.61,102.7,11414144
2021-03-17,2317,102.89,105.58,102.77,104.49,8185572
2021-03-18,2317,104.58,105.58,103.26,104.25,11854220
2021-03-19,2317,104.68,105.79,103.19,104.71,6799892
2021-03-22,2317,104.32,106.98,103.8,106.27,9062989
2021-03-23,2317,105.85,107.9,104.86,107.45,8196125
2021-03-24,2317,107.67,108.8,106.39,108.16,5879374
2021-03-25,2317,107.81,108.28,107.02,107.76,9349591
2021-03-26,2317,107.5,108.86,106.87,107.58,5814666
2021-03-29,2317,106.78,110.17,106.25,109.08,7721704
2021-03-30,2317,109.2,111.49,108.31,110.87,9827528
2021-03-31,2317,111.55,111.81,109.06,110.11,7249753
2021-04-01,2317,109.65,110.99,108.29,109.15,6711121
2021-04-02,2317,109.6,110.31,107.16,107.99,9031424
2021-04-05,2317,107.97,109.69,107.34,109.1,7404736
2021-04-06,2317,108.32,109.65,107.87,107.91,7132952
2021-04-07,2317,107.52,109.42,106.49,108.99,9563841
2021-04-08,2317,108.57,110.25,108.48,109.73,6107539
2021-04-09,2317,109.59,110.15,108.12,109.04,6878309
2021-04-12,2317,109.23,111.2,108.24,111.12,8661526
2021-04-13,2317,111.94,112.75,109.04,109.19,5890869
2021-04-14,2317,108.57,111.72,108.18,111.4,10047959
2021-04-15,2317,111.18,112.27,109.57,111.85,6971914
2021-04-16,2317,111.45,111.8,108.47,109.09,8431260
2021-04-19,2317,108.54,111.61,108.42,111.21,8378777
2021-04-20,2317,111.25,112.83,110.22,112.53,6930523
2021-04-21,2317,112.53,113.32,111.66,111.98,6503791
2021-04-22,2317,111.17,111.77,110.53,110.71,7005768
2021-04-23,2317,110.72,111.41,107.78,108.66,7998315
2021-04-26,2317,108.13,113.56,107.88,111.83,5873844
2021-04-27,2317,111.84,112.44,109.82,110.62,5636421
2021-04-28,2317,111.18,112.12,108.67,108.97,9128726
2021-04-29,2317,109.17,110.32,108.21,109.35,6117178
2021-04-30,2317,109.43,110.06,106.5,107.23,7440151
2021-05-03,2317,107.0,107.76,105.53,105.99,6734325
2021-05-04,2317,106.02,107.94,105.22,107.28,6795984
2021-05-05,2317,107.52,108.64,107.0,107.91,9061367
2021-05-06,2317,108.11,108.5,106.18,107.43,6914921
2021-05-07,2317,107.39,107.92,106.58,107.48,6605436
2021-05-10,2317,107.58,108.23,105.98,106.94,6734976
2021-05-11,2317,106.38,107.09,106.04,106.89,6485671
2021-05-12,2317,106.57,107.85,105.64,105.94,6325241
2021-05-13,2317,106.24,107.79,104.61,105.23,6558610
2021-05-14,2317,105.58,106.29,104.01,104.48,9738753
2021-05-17,2317,104.52,105.43,102.42,103.6,8259570
2021-05-18,2317,104.21,106.0,103.65,104.92,6877266
2021-05-19,2317,105.13,105.99,105.02,105.92,8798291
2021-05-20,2317,105.82,106.85,104.48,104.76,5585002
2021-05-21,2317,104.25,104.69,102.26,103.28,9599444
2021-05-24,2317,103.88,105.45,102.56,103.11,9543518
2021-05-25,2317,103.43,106.36,102.9,105.81,11407113
2021-05-26,2317,106.57,107.59,103.46,104.53,9235131
2021-05-27,2317,105.43,105.99,104.11,104.35,8407426
2021-05-28,2317,103.82,106.03,103.51,104.49,9899645
2021-05-31,2317,103.95,104.79,103.68,104.38,7080150
2021-06-01,2317,103.18,104.94,102.46,103.83,7453948
2021-06-02,2317,104.21,105.1,99.55,100.05,27971654
2021-06-03,2317,100.31,101.39,100.29,100.62,10449212
2021-06-04,2317,100.66,102.37,99.65,101.67,7072631
2021-06-07,2317,101.17,102.75,100.5,102.41,7009576
2021-06-08,2317,102.38,103.99,101.6,103.54,8785882
2021-06-09,2317,103.61,106.62,102.82,105.53,9677252
2021-06-10,2317,105.86,107.68,105.78,107.24,7568722
2021-06-11,2317,107.36,111.44,106.59,110.26,9787291
2021-06-14,2317,110.56,112.73,109.49,111.9,11205441
2021-06-15,2317,111.85,113.05,109.86,111.03,10975551
2021-06-16,2317,111.56,113.22,110.56,112.19,9511256
2021-06-17,2317,112.47,113.61,111.56,113.17,8860870
2021-06-18,2317,112.63,116.79,112.53,115.81,12418471
2021-06-21,2317,116.45,116.99,113.81,114.49,9189812
2021-06-22,2317,115.05,116.52,114.8,115.29,10944605
2021-06-23,2317,115.5,116.47,113.1,114.37,13250364
2021-06-24,2317,114.5,116.07,113.3,115.11,10908126
2021-06-25,2317,115.87,116.44,114.59,114.84,7900818
2021-06-28,2317,114.09,115.8,113.42,115.53,7616706
2021-06-29,2317,116.1,116.6,112.81,113.6,9082490
2021-06-30,2317,113.39,114.85,112.3,114.71,10955048
2021-07-01,2317,115.21,115.63,114.94,115.02,10505762
2021-07-02,2317,115.08,115.28,114.75,115.26,14505113
2021-07-05,2317,114.69,118.02,113.98,117.99,10596064
2021-07-06,2317,117.75,118.52,116.99,117.48,9278983
2021-07-07,2317,117.96,118.95,117.17,117.99,8058871
2021-07-08,2317,117.89,118.85,116.9,118.16,12266780
2021-07-09,2317,117.87,118.94,116.58,118.47,9939504
2021-07-12,2317,118.17,121.93,117.76,121.66,7608305
2021-07-13,2317,121.97,122.55,120.97,121.78,10040539
2021-07-14,2317,122.64,122.97,119.94,120.98,8374623
2021-07-15,2317,119.95,124.44,119.79,123.73,9292178
2021-07-16,2317,125.12,125.13,122.11,123.3,10052110
2021-07-19,2317,123.4,124.49,120.1,120.96,8534751
2021-07-20,2317,121.24,121.69,119.49,119.91,9200387
2021-07-21,2317,119.71,120.6,117.38,118.15,8780605
2021-07-22,2317,118.15,119.28,115.0,115.63,8814288
2021-07-23,2317,115.72,116.56,114.1,115.15,8352607
2021-07-26,2317,114.67,116.14,114.15,115.09,9163109
2021-07-27,2317,114.71,117.01,113.92,116.74,8487894
2021-07-28,2317,117.3,118.13,116.89,117.66,11049854
2021-07-29,2317,116.92,119.74,116.66,118.51,10274532
2021-07-30,2317,118.72,119.67,116.48,117.27,12241326
2021-08-02,2317,117.09,120.13,116.81,118.54,13807051
2021-08-03,2317,118.09,122.1,117.0,120.55,11054769
2021-08-04,2317,121.5,122.38,120.14,121.15,10557271
2021-08-05,2317,120.69,122.41,120.34,121.8,11063819
2021-08-06,2317,121.25,121.51,119.16,119.98,10470174
2021-08-09,2317,119.89,122.03,119.54,121.53,9653415
2021-08-10,2317,121.15,124.7,121.1,124.15,9453139
2021-08-11,2317,124.16,125.12,123.71,124.67,7851514
2021-08-12,2317,124.74,125.03,123.09,123.81,10894305
2021-08-13,2317,123.93,124.87,122.6,123.6,9243225
2021-08-16,2317,123.54,125.12,122.2,123.01,11970017
2021-08-17,2317,122.66,123.86,121.33,122.51,10782017
2021-08-18,2317,122.82,124.07,122.57,123.49,8099988
2021-08-19,2317,123.43,125.18,122.88,123.93,11246445
2021-08-20,2317,123.69,126.38,122.13,125.46,5615802
2021-08-23,2317,126.2,126.94,125.83,126.05,12486000
2021-08-24,2317,125.99,126.69,124.25,124.77,6866809
2021-08-25,2317,125.32,125.97,123.84,124.05,9459505
2021-08-26,2317,124.66,125.73,122.6,123.25,9253197
2021-08-27,2317,123.88,124.69,122.48,123.0,10384553
2021-08-30,2317,123.34,126.07,122.3,125.68,7915409
2021-08-31,2317,125.68,129.03,124.8,128.66,5649970
2021-09-01,2317,128.63,130.92,128.53,129.99,7758350
2021-09-02,2317,129.86,131.21,129.38,130.2,7830868
2021-09-03,2317,129.07,129.69,127.34,128.11,5576411
2021-09-06,2317,128.48,128.67,127.33,128.48,8048729
2021-09-07,2317,128.6,130.02,125.29,127.29,6512648
2021-09-08,2317,127.71,131.13,126.59,129.81,8797143
2021-09-09,2317,129.75,130.01,127.1,127.35,7416190
2021-09-10,2317,127.68,129.42,126.97,127.96,10930283
2021-09-13,2317,127.26,127.92,125.8,126.65,7266369
2021-09-14,2317,126.06,127.53,125.57,126.67,8149471
2021-09-15,2317,125.42,129.06,124.43,127.72,7196282
2021-09-16,2317,127.65,130.94,127.25,129.31,5537376
2021-09-17,2317,128.91,130.55,127.86,129.25,7092545
2021-09-20,2317,128.78,131.37,128.26,130.46,8365506
2021-09-21,2317,130.64,130.7,128.74,129.46,8084344
2021-09-22,2317,129.24,130.15,127.71,129.87,6836956
2021-09-23,2317,129.13,132.72,129.01,131.47,5512371
2021-09-24,2317,132.81,134.32,131.09,132.03,8003206
2021-09-27,2317,132.01,132.37,130.02,131.22,7648812
2021-09-28,2317,130.65,131.46,129.78,130.81,8220717
2021-09-29,2317,130.46,132.94,130.4,132.44,6698759
2021-09-30,2317,132.35,132.83,129.25,130.74,5181685
2021-10-01,2317,130.65,131.99,128.62,129.29,7706782
2021-10-04,2317,129.96,130.86,127.42,127.91,24422625
2021-10-05,2317,127.87,128.52,126.67,127.27,8970445
2021-10-06,2317,128.22,130.35,124.52,125.08,7016886
2021-10-07,2317,124.87,127.18,124.71,127.14,6926510
2021-10-08,2317,127.36,128.4,124.66,125.5,7536166
2021-10-11,2317,126.01,126.24,124.78,125.23,6289601
2021-10-12,2317,125.83,126.5,123.25,124.33,6250236
2021-10-13,2317,124.98,125.81,122.92,123.92,6918298
2021-10-14,2317,123.78,124.94,121.1,122.63,5988246
2021-10-15,2317,122.63,124.33,122.0,123.71,6810942
2021-10-18,2317,122.49,124.47,122.14,123.91,10112565
2021-10-19,2317,123.81,126.01,123.8,125.4,8652015
2021-10-20,2317,125.95,126.16,122.68,124.52,7626047
2021-10-21,2317,124.96,128.82,123.88,127.73,9601750
2021-10-22,2317,127.69,128.6,124.44,124.85,6303901
2021-10-25,2317,125.7,126.67,120.94,122.5,11535042
2021-10-26,2317,122.32,125.83,120.92,125.11,6835304
2021-10-27,2317,124.75,126.51,124.68,125.85,10739667
2021-10-28,2317,125.62,127.75,125.24,126.4,10824048
2021-10-29,2317,125.83,128.37,125.15,127.09,5557957
2021-11-01,2317,127.4,129.48,127.18,127.99,10015178
2021-11-02,2317,128.14,129.44,127.42,128.48,7377077
2021-11-03,2317,128.8,130.27,125.9,127.03,7077418
2021-11-04,2317,126.81,128.86,126.75,128.3,8700764
2021-11-05,2317,128.27,130.03,127.35,129.35,6669321
2021-11-08,2317,128.23,133.02,126.86,131.6,8840721
2021-11-09,2317,131.8,135.68,130.8,134.42,6888109
2021-11-10,2317,134.48,135.64,133.71,134.99,8509434
2021-11-11,2317,134.39,134.64,128.72,129.15,37061884
2021-11-12,2317,129.1,132.62,127.9,131.93,9017434
2021-11-15,2317,131.8,132.23,130.19,130.35,7963633
2021-11-16,2317,131.27,132.97,130.0,130.91,9459965
2021-11-17,2317,130.36,131.72,129.56,130.54,6728098
2021-11-18,2317,130.72,131.1,128.54,129.9,7524453
2021-11-19,2317,129.34,131.36,128.86,131.13,8176158
2021-11-22,2317,130.83,131.92,130.31,131.54,10274047
2021-11-23,2317,131.69,132.89,131.55,132.39,9680602
2021-11-24,2317,132.27,132.98,130.11,131.12,9996706
2021-11-25,2317,131.12,132.49,130.32,130.88,9111835
2021-11-26,2317,131.06,131.34,129.38,129.71,8011950
2021-11-29,2317,129.45,131.41,129.05,129.43,12165882
2021-11-30,2317,129.89,130.18,128.22,129.28,8271612
2021-12-01,2317,129.12,132.22,128.91,132.17,10187651
2021-12-02,2317,132.12,133.8,131.54,131.79,9323437
2021-12-03,2317,131.98,133.47,127.23,128.46,10597724
2021-12-06,2317,128.58,131.34,127.89,130.65,8641011
2021-12-07,2317,130.98,132.37,129.7,131.38,11714182
2021-12-08,2317,131.55,132.55,130.61,131.21,12488554
2021-12-09,2317,131.46,132.32,129.77,130.55,11706542
2021-12-10,2317,130.38,130.49,128.25,129.1,10121310
2021-12-13,2317,128.55,132.66,127.07,132.14,9134645
2021-12-14,2317,131.38,132.6,129.91,132.25,16478582
2021-12-15,2317,131.37,133.11,128.15,129.53,8321353
2021-12-16,2317,130.44,132.19,129.62,130.07,11689846
2021-12-17,2317,128.92,132.64,128.65,131.99,10615590
2021-12-20,2317,132.62,132.9,131.07,132.27,9904864
2021-12-21,2317,131.83,132.77,129.36,130.87,10370926
2021-12-22,2317,131.49,132.51,127.97,129.34,9159249
2021-12-23,2317,128.21,129.28,127.18,127.95,10847439
2021-12-24,2317,127.83,128.36,120.87,121.95,37219612
2021-12-27,2317,122.66,124.95,120.79,121.88,16257215
2021-12-28,2317,122.23,123.52,118.67,119.46,12162436
2021-12-29,2317,119.29,120.66,118.49,120.04,10990594
2021-12-30,2317,119.1,120.65,118.34,120.27,11088321
2021-12-31,2317,119.63,120.84,119.29,119.65,13888441
2022-01-03,2317,120.32,121.28,117.83,118.22,8351600
2022-01-04,2317,118.05,118.8,116.36,116.74,9592428
2022-01-05,2317,116.7,119.21,116.66,118.29,7006714
2022-01-06,2317,118.42,119.33,117.64,118.67,10876230
2022-01-07,2317,118.05,120.29,117.36,119.38,11405368
2022-01-10,2317,119.57,120.83,118.49,119.76,8143268
2022-01-11,2317,119.56,121.15,118.24,120.26,12544524
2022-01-12,2317,120.4,121.27,118.26,119.62,8463269
2022-01-13,2317,119.34,120.73,117.95,119.35,9000307
2022-01-14,2317,118.6,121.1,118.25,121.05,9716361
2022-01-17,2317,120.84,123.48,120.81,123.13,12581925
2022-01-18,2317,123.45,124.2,120.18,121.36,8032467
2022-01-19,2317,121.55,121.92,119.69,121.09,9803244
2022-01-20,2317,121.1,122.88,119.62,122.34,10609585
2022-01-21,2317,122.77,126.52,121.8,125.13,10138135
2022-01-24,2317,125.03,128.53,124.78,127.84,10118416
2022-01-25,2317,127.86,128.03,125.7,126.65,10314944
2022-01-26,2317,126.4,129.17,125.36,128.62,8065265
2022-01-27,2317,129.11,129.91,127.32,128.74,11963818
2022-01-28,2317,128.89,131.19,127.38,130.38,8572420
2022-01-31,2317,130.09,132.73,128.84,131.65,8289255
2022-02-01,2317,130.87,131.9,129.21,129.69,10930672
2022-02-02,2317,130.26,131.29,130.01,130.58,7580085
2022-02-03,2317,130.19,132.35,129.13,132.18,8904979
2022-02-04,2317,132.22,132.78,131.81,132.18,7306186
2022-02-07,2317,133.43,133.9,130.26,131.83,12963445
2022-02-08,2317,132.25,132.89,129.27,129.37,12355091
2022-02-09,2317,130.21,131.61,129.13,130.47,7913256
2022-02-10,2317,130.19,131.82,129.24,130.83,8774906
2022-02-11,2317,131.39,132.61,128.74,129.41,7919263
2022-02-14,2317,129.43,130.0,128.64,128.94,7358023
2022-02-15,2317,129.13,130.76,128.84,129.21,7928170
2022-02-16,2317,130.25,131.39,127.88,128.38,7630385
2022-02-17,2317,128.23,129.24,127.73,128.41,5792300
2022-02-18,2317,128.42,129.5,124.43,125.75,7914355
2022-02-21,2317,125.29,128.24,124.93,127.81,7427009
2022-02-22,2317,128.27,128.58,126.87,127.87,7851365
2022-02-23,2317,127.58,128.04,126.11,126.22,7262194
2022-02-24,2317,126.73,127.87,121.55,122.52,6850632
2022-02-25,2317,121.71,124.85,121.35,124.07,8496961
2022-02-28,2317,124.34,125.61,122.55,124.93,7938303
2022-03-01,2317,124.61,125.6,123.93,125.28,9217022
2022-03-02,2317,125.64,126.84,124.99,126.6,7794272
2022-03-03,2317,126.6,129.44,126.2,127.94,6847712
2022-03-04,2317,127.67,128.94,127.35,128.27,7895111
2022-03-07,2317,128.08,128.62,127.48,127.92,4928689
2022-03-08,2317,127.48,127.9,126.73,127.31,10249597
2022-03-09,2317,127.73,129.39,127.31,127.98,7356665
2022-03-10,2317,127.45,131.4,127.1,130.16,10357637
2022-03-11,2317,130.02,130.31,129.84,130.03,5971594
2022-03-14,2317,130.21,133.78,129.0,132.37,5708574
2022-03-15,2317,133.22,133.94,131.56,132.99,7458260
2022-03-16,2317,132.99,134.11,132.33,133.63,7461307
2022-03-17,2317,133.5,138.19,132.71,137.52,7441192
2022-03-18,2317,137.68,140.69,137.47,140.29,7256737
2022-03-21,2317,139.12,143.25,138.25,143.15,6286504
2022-03-22,2317,142.46,143.76,140.83,141.81,5407149
2022-03-23,2317,141.6,146.32,140.87,145.58,7465483
2022-03-24,2317,145.16,146.39,131.24,132.25,19807342
2022-03-25,2317,131.4,132.86,130.45,131.92,5594036
2022-03-28,2317,132.37,133.46,128.31,128.53,6732870
2022-03-29,2317,128.67,129.35,127.28,129.07,7842091
2022-03-30,2317,129.14,129.47,126.77,127.42,10451486
2022-03-31,2317,127.07,129.14,125.46,128.08,8781364
2022-04-01,2317,128.12,128.24,125.36,126.33,9604060
2022-04-04,2317,126.59,130.05,124.83,129.08,8415686
2022-04-05,2317,128.95,130.03,127.57,129.97,8061165
2022-04-06,2317,130.2,134.37,129.3,133.56,11952874
2022-04-07,2317,133.13,134.79,131.54,131.95,6055719
2022-04-08,2317,132.0,135.66,131.58,134.44,7200638
2022-04-11,2317,135.05,135.24,130.49,131.56,7373279
2022-04-12,2317,132.21,133.45,131.06,131.93,9289202
2022-04-13,2317,132.63,134.39,130.48,130.96,6697859
2022-04-14,2317,131.11,133.36,129.07,130.29,9257584
2022-04-15,2317,130.3,131.33,128.72,129.51,9047501
2022-04-18,2317,129.28,129.35,126.92,128.12,9532568
2022-04-19,2317,127.2,128.18,125.95,126.22,9598559
2022-04-20,2317,125.54,127.14,124.28,125.58,11083981
2022-04-21,2317,125.5,126.45,124.49,125.79,8413305
2022-04-22,2317,125.73,128.87,124.37,127.57,9431715
2022-04-25,2317,128.29,128.63,126.79,128.06,7583145
2022-04-26,2317,128.73,130.86,128.0,129.88,7348922
2022-04-27,2317,129.53,130.04,126.93,127.61,12126852
2022-04-28,2317,128.03,128.31,125.31,126.98,7697605
2022-04-29,2317,126.74,128.86,126.12,128.1,10090980
2022-05-02,2317,128.45,129.24,127.29,128.65,9980806
2022-05-03,2317,129.07,129.17,126.79,127.36,11304230
2022-05-04,2317,127.99,129.33,127.81,128.82,6845026
2022-05-05,2317,128.56,129.5,127.89,128.03,10918174
2022-05-06,2317,128.55,129.27,125.9,126.87,9274381
2022-05-09,2317,125.92,128.44,124.81,127.64,8474561
2022-05-10,2317,128.3,129.45,126.7,127.68,9087515
2022-05-11,2317,127.67,128.26,125.57,126.91,11533945
2022-05-12,2317,126.91,128.36,125.14,126.09,10985142
2022-05-13,2317,125.07,125.32,124.15,124.51,9466358
2022-05-16,2317,124.31,126.02,122.91,123.95,7934143
2022-05-17,2317,124.62,126.93,123.79,125.61,8076065
2022-05-18,2317,125.4,126.59,124.94,126.01,11261513
2022-05-19,2317,126.37,128.11,125.38,127.5,7846134
2022-05-20,2317,127.51,129.19,126.71,128.32,9703382
2022-05-23,2317,128.86,129.94,126.95,127.41,16112820
2022-05-24,2317,127.5,128.83,124.26,124.92,10832702
2022-05-25,2317,124.45,124.53,122.12,123.56,11425200
2022-05-26,2317,123.59,124.54,121.18,122.59,8274146
2022-05-27,2317,123.38,123.68,120.7,121.52,8041756
2022-05-30,2317,121.77,123.64,121.01,122.98,11585814
2022-05-31,2317,122.93,125.92,122.89,124.45,9546856
2022-06-01,2317,125.57,127.82,123.95,127.78,12407714
2022-06-02,2317,128.37,128.43,125.36,126.64,10302546
2022-06-03,2317,127.06,129.99,125.91,129.1,19027076
2022-06-06,2317,129.27,133.12,128.87,131.6,9201094
2022-06-07,2317,131.98,132.95,130.46,131.27,10724596
2022-06-08,2317,131.67,132.26,130.94,132.04,8647265
2022-06-09,2317,130.89,134.14,129.75,134.04,12197096
2022-06-10,2317,134.26,135.11,133.42,133.98,10929829
2022-06-13,2317,133.9,134.07,133.12,133.8,8461450
2022-06-14,2317,133.53,134.4,131.7,132.82,9462272
2022-06-15,2317,132.72,133.62,128.72,129.09,12766294
2022-06-16,2317,128.29,129.76,127.82,129.24,12431252
2022-06-17,2317,128.3,130.0,127.3,128.17,7651679
2022-06-20,2317,128.81,129.88,125.11,126.55,9023615
2022-06-21,2317,126.78,128.6,125.61,127.22,13536340
2022-06-22,2317,125.99,127.21,123.75,125.03,9401389
2022-06-23,2317,124.75,126.96,123.97,126.27,9944479
2022-06-24,2317,126.72,127.7,125.2,127.04,11490775
2022-06-27,2317,126.9,127.51,126.34,126.46,7457808
2022-06-28,2317,127.09,128.2,124.62,126.4,7940165
2022-06-29,2317,126.93,127.36,122.8,124.62,8798094
2022-06-30,2317,123.95,127.4,122.98,125.78,11485276
2022-07-01,2317,125.7,126.47,124.53,126.09,11011664
2022-07-04,2317,125.86,127.39,125.13,126.52,10338463
2022-07-05,2317,125.81,127.96,125.17,127.31,8775424
2022-07-06,2317,126.57,127.1,125.91,126.36,10922394
2022-07-07,2317,125.95,127.8,123.37,124.09,8587676
2022-07-08,2317,123.77,126.08,122.75,125.55,9698771
2022-07-11,2317,125.69,127.22,124.72,126.62,10197768
2022-07-12,2317,127.14,127.57,124.08,125.83,11627478
2022-07-13,2317,126.09,127.26,125.29,126.48,8395375
2022-07-14,2317,126.86,129.14,126.86,128.42,7864749
2022-07-15,2317,128.29,130.41,126.67,130.21,10491989
2022-07-18,2317,130.53,131.09,129.22,129.36,10530750
2022-07-19,2317,129.28,130.38,126.6,127.08,7385287
2022-07-20,2317,126.86,128.14,124.22,125.11,6608919
2022-07-21,2317,126.06,126.82,123.71,124.67,9943455
2022-07-22,2317,123.51,127.68,123.48,126.89,5884421
2022-07-25,2317,125.94,126.51,125.43,125.81,5775652
2022-07-26,2317,126.0,126.51,124.93,124.94,7395265
2022-07-27,2317,124.81,125.1,123.0,124.05,7695437
2022-07-28,2317,123.33,123.36,121.96,123.29,6188956
2022-07-29,2317,122.77,123.69,122.63,123.3,7730804
2022-08-01,2317,122.85,124.03,120.23,121.44,7731837
2022-08-02,2317,121.87,123.58,120.69,123.05,6708908
2022-08-03,2317,123.65,124.22,122.45,122.87,10474111
2022-08-04,2317,123.67,127.13,123.43,126.55,7796709
2022-08-05,2317,125.75,127.13,124.59,124.8,8788546
2022-08-08,2317,124.12,127.5,123.67,127.21,5488872
2022-08-09,2317,126.48,130.29,124.94,129.37,5453507
2022-08-10,2317,130.04,130.78,128.05,128.76,7678501
2022-08-11,2317,128.98,129.79,127.93,128.18,9833399
2022-08-12,2317,128.23,129.12,125.96,126.8,5853571
2022-08-15,2317,126.92,127.71,125.34,125.45,7186661
2022-08-16,2317,125.42,126.63,124.41,125.48,5597614
2022-08-17,2317,124.91,126.28,124.65,125.54,6136253
2022-08-18,2317,125.8,127.43,122.83,123.16,7227621
2022-08-19,2317,123.07,127.36,122.14,126.58,6390040
2022-08-22,2317,125.97,126.32,124.33,126.21,5525385
2022-08-23,2317,126.5,127.59,124.48,126.35,5512012
2022-08-24,2317,126.13,127.09,125.2,125.43,4996532
2022-08-25,2317,125.54,126.31,124.61,125.06,7667055
2022-08-26,2317,124.99,125.61,123.55,124.55,7863807
2022-08-29,2317,125.0,125.3,123.25,124.58,7889586
2022-08-30,2317,124.69,124.91,124.26,124.59,6049699
2022-08-31,2317,124.15,127.41,123.36,125.82,8585570
2022-09-01,2317,125.98,126.66,125.47,126.2,8183604
2022-09-02,2317,126.38,128.55,126.16,127.29,7261947
2022-09-05,2317,127.55,127.61,127.23,127.31,7099470
2022-09-06,2317,127.84,128.07,127.22,127.7,6545535
2022-09-07,2317,127.38,128.49,126.56,127.36,7675358
2022-09-08,2317,127.7,129.64,126.42,128.92,10001404
2022-09-09,2317,128.03,130.51,127.08,129.45,9253375
2022-09-12,2317,129.39,130.16,127.98,129.24,7264008
2022-09-13,2317,129.1,129.77,128.19,128.98,8458428
2022-09-14,2317,129.73,130.16,128.44,128.85,6355786
2022-09-15,2317,128.77,129.08,128.09,128.93,8923249
2022-09-16,2317,129.24,130.74,127.74,128.87,6803900
2022-09-19,2317,127.96,129.61,126.67,128.04,9036209
2022-09-20,2317,127.86,129.48,127.17,129.25,13756016
2022-09-21,2317,128.81,130.77,128.51,130.56,7348982
2022-09-22,2317,131.85,134.0,130.89,133.39,13921394
2022-09-23,2317,133.03,134.01,131.41,132.46,9077502
2022-09-26,2317,132.5,134.25,131.05,133.55,7335216
2022-09-27,2317,133.62,134.69,130.09,130.52,7348627
2022-09-28,2317,129.69,132.62,129.26,131.85,13109999
2022-09-29,2317,131.58,132.31,128.41,129.58,9452615
2022-09-30,2317,129.79,131.82,127.52,128.08,7888227
2022-10-03,2317,128.13,129.13,127.59,128.63,8501224
2022-10-04,2317,127.44,129.3,126.04,127.7,9618908
2022-10-05,2317,127.41,128.91,126.5,126.57,8968866
2022-10-06,2317,127.09,128.1,124.07,125.86,9645447
2022-10-07,2317,126.16,127.21,125.71,127.0,12579961
2022-10-10,2317,127.62,128.4,124.42,125.61,7524521
2022-10-11,2317,125.11,126.05,124.42,125.56,10436182
2022-10-12,2317,126.2,126.97,124.13,125.02,9242812
2022-10-13,2317,125.0,126.5,124.38,126.28,8623786
2022-10-14,2317,127.08,128.75,125.89,127.6,11523346
2022-10-17,2317,127.6,128.87,124.24,124.82,7352134
2022-10-18,2317,123.8,127.77,123.34,126.41,6286294
2022-10-19,2317,126.84,127.41,123.86,125.52,10080820
2022-10-20,2317,125.3,126.13,124.53,125.91,9495619
2022-10-21,2317,125.72,126.65,124.11,124.52,7669561
2022-10-24,2317,123.8,126.74,123.79,125.11,7224782
2022-10-25,2317,125.92,129.78,124.22,128.97,13973212
2022-10-26,2317,128.7,130.21,128.21,129.2,10769755
2022-10-27,2317,130.01,130.67,126.68,128.52,9976766
2022-10-28,2317,128.29,128.81,127.22,128.19,14801635
2022-10-31,2317,127.71,128.82,125.13,125.96,12012858
2022-11-01,2317,126.63,128.9,125.78,128.18,13769098
2022-11-02,2317,128.15,129.68,126.24,128.7,8109616
2022-11-03,2317,128.66,129.7,126.76,127.11,8063348
2022-11-04,2317,126.46,127.39,124.73,125.59,11224295
2022-11-07,2317,125.36,126.68,124.74,125.65,10823222
2022-11-08,2317,125.86,127.41,125.21,127.08,12573981
2022-11-09,2317,126.42,126.72,124.53,125.36,7480389
2022-11-10,2317,125.09,127.81,124.47,127.06,11371862
2022-11-11,2317,126.85,127.71,125.99,126.96,11950395
2022-11-14,2317,126.99,127.49,124.83,125.57,11809981
2022-11-15,2317,126.31,127.19,124.81,124.9,9248928
2022-11-16,2317,124.75,128.78,123.81,127.55,10890462
2022-11-17,2317,127.2,128.57,124.35,125.46,8595966
2022-11-18,2317,126.84,128.31,123.91,124.39,9338194
2022-11-21,2317,124.17,125.93,122.5,125.84,8122280
2022-11-22,2317,125.74,126.37,124.32,126.2,8506653
2022-11-23,2317,126.02,126.63,123.86,125.03,9287652
2022-11-24,2317,124.89,127.31,123.73,126.51,8828037
2022-11-25,2317,126.55,128.72,125.77,128.08,8360882
2022-11-28,2317,128.55,129.11,127.19,128.62,7535903
2022-11-29,2317,128.83,129.44,126.14,127.71,13459578
2022-11-30,2317,128.26,129.27,125.86,127.04,8579038
2022-12-01,2317,127.57,127.65,127.03,127.5,9886827
2022-12-02,2317,127.61,129.57,124.79,125.53,6734572
2022-12-05,2317,125.72,128.33,124.67,127.56,11704772
2022-12-06,2317,128.12,131.52,126.93,130.19,9366772
2022-12-07,2317,129.61,130.33,128.88,129.86,8317579
2022-12-08,2317,131.15,132.24,129.96,130.44,8255522
2022-12-09,2317,130.18,133.18,128.57,132.33,10344066
2022-12-12,2317,132.15,136.75,131.92,135.47,5149344
2022-12-13,2317,134.81,138.75,134.51,138.04,7481247
2022-12-14,2317,137.38,139.06,135.1,135.2,8410605
2022-12-15,2317,135.72,135.73,134.42,134.72,8310055
2022-12-16,2317,135.94,137.27,134.07,135.56,13221999
2022-12-19,2317,135.25,136.13,133.29,134.79,7846284
2022-12-20,2317,134.98,137.97,134.21,137.71,9863991
2022-12-21,2317,137.83,139.73,136.13,137.23,39620557
2022-12-22,2317,137.78,139.62,135.11,135.92,9125390
2022-12-23,2317,137.12,137.44,135.52,135.69,7092136
2022-12-26,2317,136.51,137.43,132.5,134.5,6290771
2022-12-27,2317,134.37,135.56,132.68,134.22,8976542
2022-12-28,2317,134.5,135.55,132.9,133.89,10452661
2022-12-29,2317,134.23,137.09,133.88,135.46,8495529
2022-12-30,2317,135.44,136.97,133.36,134.05,9526141
2023-01-02,2317,133.46,134.4,129.45,129.87,12056408
2023-01-03,2317,129.45,131.41,126.59,127.4,8715565
2023-01-04,2317,127.99,129.23,124.95,125.86,6097952
2023-01-05,2317,126.49,127.07,124.32,124.9,7443368
2023-01-06,2317,124.8,125.69,124.78,125.21,9367564
2023-01-09,2317,125.34,126.72,121.83,123.62,6950165
2023-01-10,2317,124.22,124.57,121.01,121.86,9468646
2023-01-11,2317,121.03,121.55,119.59,120.53,7091064
2023-01-12,2317,120.31,120.92,118.43,118.95,7580146
2023-01-13,2317,119.91,120.8,118.15,118.18,6667529
2023-01-16,2317,118.32,118.94,116.7,117.37,7277033
2023-01-17,2317,116.84,118.45,116.29,118.37,7319073
2023-01-18,2317,118.42,119.68,115.96,116.99,5257068
2023-01-19,2317,117.47,117.98,115.4,116.52,6469759
2023-01-20,2317,115.33,117.41,114.29,115.78,5600313
2023-01-23,2317,115.87,117.78,114.71,116.94,6490655
2023-01-24,2317,116.76,118.06,115.21,116.75,6049836
2023-01-25,2317,115.98,119.26,115.11,118.25,8376945
2023-01-26,2317,118.29,119.62,115.43,116.65,8401737
2023-01-27,2317,116.58,117.57,115.65,116.61,7741706
2023-01-30,2317,116.59,117.4,115.64,115.83,5583405
2023-01-31,2317,115.67,116.87,113.54,114.15,6911389
2023-02-01,2317,113.69,115.91,113.4,114.09,5539132
2023-02-02,2317,113.43,117.06,112.64,116.49,6902875
2023-02-03,2317,116.17,117.24,115.0,115.33,8002112
2023-02-06,2317,115.72,116.42,114.21,115.18,8559527
2023-02-07,2317,115.29,116.21,112.27,113.39,7841474
2023-02-08,2317,113.36,114.06,110.23,111.44,9090343
2023-02-09,2317,110.97,111.27,109.04,110.41,7646987
2023-02-10,2317,110.25,110.82,109.77,109.84,7048719
2023-02-13,2317,110.17,111.27,109.21,109.34,8670336
2023-02-14,2317,109.56,109.88,107.14,109.07,8793147
2023-02-15,2317,108.86,109.91,105.86,106.94,6854984
2023-02-16,2317,105.82,106.88,105.09,106.16,8136738
2023-02-17,2317,105.87,107.39,105.23,106.83,7274184
2023-02-20,2317,106.62,107.65,104.51,105.11,5393259
2023-02-21,2317,104.73,105.64,104.51,104.69,8461462
2023-02-22,2317,104.52,105.89,104.21,105.08,6253087
2023-02-23,2317,105.43,106.49,103.55,104.12,8457901
2023-02-24,2317,104.11,105.29,103.78,104.58,6108652
2023-02-27,2317,104.99,105.05,102.32,102.69,7146599
2023-02-28,2317,102.07,104.28,100.42,103.82,7601039
2023-03-01,2317,103.69,104.42,103.17,104.3,10306829
2023-03-02,2317,103.49,105.29,102.75,104.39,7618674
2023-03-03,2317,104.21,106.84,103.49,105.83,6981219
2023-03-06,2317,105.39,106.47,104.5,105.44,9136687
2023-03-07,2317,105.98,106.82,104.25,104.68,8310696
2023-03-08,2317,104.85,107.48,103.7,106.43,10060735
2023-03-09,2317,106.86,108.84,106.03,108.81,7343187
2023-03-10,2317,108.62,109.23,107.84,107.93,9237241
2023-03-13,2317,107.49,107.85,106.89,107.81,13998804
2023-03-14,2317,107.36,109.69,106.79,109.19,8673734
2023-03-15,2317,109.3,110.67,108.55,109.11,9446447
2023-03-16,2317,109.9,111.06,109.02,109.92,6830619
2023-03-17,2317,110.1,111.94,109.16,110.98,7964069
2023-03-20,2317,110.81,111.39,109.37,110.26,10165304
2023-03-21,2317,110.17,111.06,109.36,110.84,8884136
2023-03-22,2317,110.82,111.61,110.12,110.86,10604868
2023-03-23,2317,111.76,112.92,108.98,109.27,10318146
2023-03-24,2317,109.81,110.64,107.01,108.0,7587407
2023-03-27,2317,108.11,108.15,106.32,107.18,11616404
2023-03-28,2317,107.22,109.09,107.0,108.4,7779592
2023-03-29,2317,108.53,109.86,107.76,109.68,8521659
2023-03-30,2317,109.89,111.71,108.95,110.69,10239887
2023-03-31,2317,110.51,111.66,109.33,111.3,13082840
2023-04-03,2317,110.93,112.01,110.03,111.88,8267679
2023-04-04,2317,112.34,113.39,111.46,112.28,10206271
2023-04-05,2317,112.29,113.79,111.19,112.86,10251437
2023-04-06,2317,113.29,114.32,112.75,113.53,11247170
2023-04-07,2317,114.28,115.97,110.79,111.65,12390289
2023-04-10,2317,111.88,112.83,110.23,110.62,9323934
2023-04-11,2317,110.77,111.15,108.14,109.28,12043366
2023-04-12,2317,110.68,111.65,110.63,110.76,12761494
2023-04-13,2317,110.85,113.53,109.82,112.98,13848958
2023-04-14,2317,112.49,113.73,109.4,110.07,10991208
2023-04-17,2317,109.95,112.96,108.86,112.16,10321924
2023-04-18,2317,112.86,113.71,111.99,112.31,9200148
2023-04-19,2317,111.73,113.73,111.02,113.7,7692715
2023-04-20,2317,113.36,115.14,112.65,114.42,9493837
2023-04-21,2317,114.93,117.1,114.04,116.43,10157562
2023-04-24,2317,116.3,116.97,116.09,116.75,9729446
2023-04-25,2317,116.7,117.3,113.89,114.87,11010760
2023-04-26,2317,115.36,116.26,112.93,113.09,26529843
2023-04-27,2317,112.76,114.49,112.39,113.81,9488129
2023-04-28,2317,113.14,113.59,113.12,113.55,13970744
2023-05-01,2317,112.92,115.03,111.86,114.47,11609290
2023-05-02,2317,114.74,115.21,113.54,114.41,10781090
2023-05-03,2317,114.53,115.3,112.73,113.62,10289104
2023-05-04,2317,113.31,114.02,110.83,112.17,8921656
2023-05-05,2317,111.65,112.16,111.12,111.67,6900886
2023-05-08,2317,111.55,112.44,110.61,111.97,10200423
2023-05-09,2317,112.47,113.18,108.68,109.37,6000532
2023-05-10,2317,109.0,110.07,107.76,108.37,8723809
2023-05-11,2317,108.08,108.85,104.61,105.8,9168532
2023-05-12,2317,105.3,106.53,103.54,105.04,8393258
2023-05-15,2317,104.89,107.7,104.44,106.58,13329592
2023-05-16,2317,106.72,108.0,104.11,105.09,12409742
2023-05-17,2317,105.98,107.83,105.21,106.61,37318972
2023-05-18,2317,106.7,111.63,105.92,110.28,7424609
2023-05-19,2317,110.26,112.39,109.49,112.23,12274915
2023-05-22,2317,112.62,113.59,111.91,112.44,9614817
2023-05-23,2317,112.75,114.86,111.81,113.63,7187859
2023-05-24,2317,113.36,114.68,110.43,111.79,8480731
2023-05-25,2317,112.82,113.14,109.35,109.7,9917863
2023-05-26,2317,109.69,110.72,109.14,109.77,7417493
2023-05-29,2317,109.87,111.02,109.31,110.32,8387741
2023-05-30,2317,110.56,113.29,110.25,111.8,8570280
2023-05-31,2317,111.95,112.0,110.29,111.06,6573832
2023-06-01,2317,111.74,112.07,110.7,111.35,7558261
2023-06-02,2317,111.09,111.73,110.74,111.59,6532620
2023-06-05,2317,111.94,112.67,110.71,111.44,9097930
2023-06-06,2317,111.51,113.19,110.72,111.37,6545187
2023-06-07,2317,111.81,112.46,109.19,110.26,8048071
2023-06-08,2317,110.16,111.36,110.09,110.65,5892487
2023-06-09,2317,110.5,111.85,110.19,110.94,6117742
2023-06-12,2317,111.27,111.88,109.4,110.38,6014189
2023-06-13,2317,110.54,112.12,110.16,111.29,7005976
2023-06-14,2317,110.93,113.55,110.66,112.69,7566992
2023-06-15,2317,113.3,113.93,112.89,113.64,7766885
2023-06-16,2317,113.97,114.61,111.62,112.24,5251825
2023-06-19,2317,112.21,113.41,111.58,112.41,6966389
2023-06-20,2317,112.2,113.29,110.63,111.21,6238633
2023-06-21,2317,111.37,112.61,111.15,111.36,7822410
2023-06-22,2317,111.66,112.48,109.18,110.18,6741156
2023-06-23,2317,109.47,112.72,108.24,111.89,6945073
2023-06-26,2317,112.06,113.99,111.88,112.97,6142899
2023-06-27,2317,113.27,114.98,113.24,114.56,9557015
2023-06-28,2317,113.49,116.44,112.35,116.04,5550589
2023-06-29,2317,116.13,116.77,114.27,115.69,6499816
2023-06-30,2317,116.01,116.12,114.84,115.13,7117422
2023-07-03,2317,115.4,118.46,114.33,117.56,6672949
2023-07-04,2317,117.94,119.14,115.89,117.36,6089729
2023-07-05,2317,117.21,117.58,115.19,115.48,5050497
2023-07-06,2317,115.0,117.81,113.59,116.91,6192014
2023-07-07,2317,116.07,117.55,115.45,117.14,5917056
2023-07-10,2317,117.65,119.51,116.8,119.28,9546979
2023-07-11,2317,119.62,121.36,119.25,119.66,10651156
2023-07-12,2317,120.22,120.46,118.47,119.66,7053628
2023-07-13,2317,119.32,121.99,118.2,121.88,5557063
2023-07-14,2317,122.28,123.11,118.12,119.66,8219998
2023-07-17,2317,118.95,119.79,117.46,118.85,6070564
2023-07-18,2317,118.44,119.47,116.92,117.62,6606245
2023-07-19,2317,117.68,119.33,112.44,114.55,6559805
2023-07-20,2317,114.85,116.11,113.54,115.78,6765148
2023-07-21,2317,116.56,116.99,114.09,115.03,7001656
2023-07-24,2317,114.92,117.76,114.69,116.31,5942039
2023-07-25,2317,115.91,118.02,115.89,116.88,6692154
2023-07-26,2317,116.45,118.85,116.43,117.76,9207305
2023-07-27,2317,117.44,117.87,116.88,117.15,7688554
2023-07-28,2317,118.19,119.43,114.77,116.1,7987803
2023-07-31,2317,116.46,117.53,115.33,116.26,5276828
2023-08-01,2317,116.78,118.36,116.36,117.57,9446551
2023-08-02,2317,117.46,117.96,116.82,117.53,7111311
2023-08-03,2317,117.53,118.28,115.99,116.57,9949319
2023-08-04,2317,116.89,118.37,113.86,114.92,8441101
2023-08-07,2317,114.69,115.42,114.4,115.23,7495763
2023-08-08,2317,115.1,115.42,113.65,114.49,6194415
2023-08-09,2317,114.18,114.82,113.36,114.42,12518561
2023-08-10,2317,114.22,114.72,113.83,114.12,9878214
2023-08-11,2317,114.15,114.82,112.14,113.54,10084463
2023-08-14,2317,113.17,115.09,112.63,113.97,12094940
2023-08-15,2317,114.1,115.66,113.87,114.76,9164373
2023-08-16,2317,114.89,118.23,113.81,117.49,11334123
2023-08-17,2317,117.41,119.44,116.68,118.59,8227028
2023-08-18,2317,118.2,121.92,117.3,120.89,10332319
2023-08-21,2317,120.94,121.03,119.58,119.73,8148055
2023-08-22,2317,119.49,120.72,116.38,117.46,8405663
2023-08-23,2317,117.48,117.8,115.75,117.47,9441967
2023-08-24,2317,117.99,119.21,117.88,118.71,7443630
2023-08-25,2317,118.12,120.62,117.24,119.74,9996533
2023-08-28,2317,120.78,122.2,120.43,121.51,8970046
2023-08-29,2317,121.47,122.52,119.44,121.56,23377677
2023-08-30,2317,121.76,124.22,120.42,123.41,8853014
2023-08-31,2317,123.04,124.54,122.16,123.94,9088354
2023-09-01,2317,124.51,126.02,121.54,121.68,11338206
2023-09-04,2317,121.61,123.85,121.36,122.76,10289807
2023-09-05,2317,122.57,123.93,121.47,123.04,12744388
2023-09-06,2317,122.76,124.72,122.69,123.64,10831539
2023-09-07,2317,123.5,125.55,123.42,125.15,8961941
2023-09-08,2317,125.36,127.68,124.6,125.83,9831647
2023-09-11,2317,125.91,126.12,122.83,123.63,9359780
2023-09-12,2317,123.61,124.41,122.53,123.45,10907034
2023-09-13,2317,123.1,123.7,120.57,121.09,10118664
2023-09-14,2317,120.72,122.64,119.55,122.06,8953540
2023-09-15,2317,121.84,124.66,121.53,124.14,10052751
2023-09-18,2317,124.37,124.73,121.28,122.32,10912947
2023-09-19,2317,122.65,123.96,120.53,121.37,8380857
2023-09-20,2317,121.75,121.9,119.1,120.11,10631971
2023-09-21,2317,120.11,121.3,118.21,119.49,7552426
2023-09-22,2317,119.67,121.14,119.17,120.11,12228795
2023-09-25,2317,120.03,120.56,119.1,119.5,11000878
2023-09-26,2317,118.67,121.44,118.58,120.47,13385626
2023-09-27,2317,120.36,122.69,120.11,122.04,8144077
2023-09-28,2317,121.85,123.88,121.21,123.68,12172893
2023-09-29,2317,123.17,123.37,121.37,122.05,11705893
2023-10-02,2317,121.77,125.18,121.57,124.11,9534032
2023-10-03,2317,124.18,127.39,123.87,126.33,9165571
2023-10-04,2317,125.75,129.61,124.23,128.71,8029122
2023-10-05,2317,128.35,129.07,127.13,128.5,7620843
2023-10-06,2317,129.3,129.97,127.25,127.37,8433666
2023-10-09,2317,126.56,127.15,125.37,125.9,7654820
2023-10-10,2317,125.81,125.93,123.32,124.27,12706822
2023-10-11,2317,123.69,125.09,123.25,124.32,7226093
2023-10-12,2317,123.94,126.63,123.6,125.61,9656845
2023-10-13,2317,125.51,128.41,124.93,127.61,10092017
2023-10-16,2317,127.11,128.77,125.59,126.9,9872861
2023-10-17,2317,127.19,127.44,125.51,126.87,9948293
2023-10-18,2317,127.56,127.99,126.36,126.75,10795356
2023-10-19,2317,127.17,128.0,124.82,125.81,8328956
2023-10-20,2317,126.33,127.84,125.57,126.95,9086132
2023-10-23,2317,126.25,127.74,126.0,127.54,8405642
2023-10-24,2317,127.41,128.86,126.8,127.79,11097768
2023-10-25,2317,128.03,129.27,127.91,128.37,12687611
2023-10-26,2317,128.82,129.67,127.44,129.35,6944459
2023-10-27,2317,130.26,131.04,128.67,130.32,5914010
2023-10-30,2317,130.88,131.24,128.48,129.04,9349589
2023-10-31,2317,129.5,131.01,129.06,130.46,10129458
2023-11-01,2317,131.84,131.92,129.56,130.89,11762125
2023-11-02,2317,130.95,131.95,128.83,130.24,9349141
2023-11-03,2317,130.09,132.35,129.89,130.64,10418263
2023-11-06,2317,130.74,132.14,130.03,131.22,10816143
2023-11-07,2317,130.74,133.3,129.98,132.95,10338612
2023-11-08,2317,132.99,133.94,130.93,131.32,9216119
2023-11-09,2317,130.41,134.13,129.43,133.44,6183135
2023-11-10,2317,133.15,133.72,132.73,133.51,7702851
2023-11-13,2317,133.45,134.44,132.22,132.73,8067195
2023-11-14,2317,133.23,134.5,131.17,131.91,7439500
2023-11-15,2317,132.49,132.94,130.35,130.36,7457233
2023-11-16,2317,129.85,129.93,127.38,127.67,9872549
2023-11-17,2317,128.73,129.0,127.48,128.74,6445717
2023-11-20,2317,128.81,132.27,128.42,131.83,8464434
2023-11-21,2317,131.95,132.66,127.42,129.3,7704808
2023-11-22,2317,128.47,128.97,126.08,127.86,6195642
2023-11-23,2317,127.54,130.79,127.04,130.37,20717938
2023-11-24,2317,130.91,132.0,128.33,130.33,5260083
2023-11-27,2317,130.42,132.7,129.15,131.67,7757871
2023-11-28,2317,131.72,132.62,131.09,131.54,6996619
2023-11-29,2317,131.66,132.88,130.09,130.65,6075638
2023-11-30,2317,129.9,130.77,128.76,130.33,5012684
2023-12-01,2317,130.28,130.49,125.86,126.64,7575703
2023-12-04,2317,127.35,127.85,123.97,124.93,6779018
2023-12-05,2317,125.48,125.93,123.99,124.62,21501305
2023-12-06,2317,124.56,126.71,124.38,126.44,5868942
2023-12-07,2317,127.23,129.09,126.68,128.6,6688041
2023-12-08,2317,127.95,130.66,126.82,129.31,7603460
2023-12-11,2317,128.81,130.0,125.27,125.84,6593073
2023-12-12,2317,126.78,127.81,124.35,124.92,5660769
2023-12-13,2317,125.21,127.76,125.2,126.93,6957118
2023-12-14,2317,126.79,130.96,125.98,129.44,8514757
2023-12-15,2317,129.41,131.82,129.21,131.59,7133838
2023-12-18,2317,131.16,131.53,129.89,131.25,7203170
2023-12-19,2317,131.39,132.77,128.83,129.22,6744791
2023-12-20,2317,129.32,130.11,128.57,129.19,6128774
2023-12-21,2317,129.2,129.67,127.31,129.25,6130559
2023-12-22,2317,128.65,132.79,128.03,131.71,5403504
2023-12-25,2317,131.85,132.66,131.29,132.1,9079740
2023-12-26,2317,131.82,132.51,130.72,132.16,8039342
2023-12-27,2317,131.64,132.64,131.49,132.31,7568818
2023-12-28,2317,132.98,133.95,131.51,132.98,7931534
2023-12-29,2317,134.13,135.05,132.67,134.01,8065067
2024-01-01,2317,135.05,136.68,131.8,132.88,6707930
2024-01-02,2317,133.22,133.87,130.24,131.22,7288545
2024-01-03,2317,131.09,134.05,130.43,133.42,7163939
2024-01-04,2317,133.38,134.95,130.7,130.82,12381805
2024-01-05,2317,131.03,134.75,129.66,133.43,9561207
2024-01-08,2317,133.2,134.08,129.07,130.4,8283939
2024-01-09,2317,131.09,131.12,128.54,129.52,10382072
2024-01-10,2317,128.46,131.42,128.31,131.06,10252257
2024-01-11,2317,130.91,131.33,129.34,131.09,6462551
2024-01-12,2317,131.51,132.32,128.42,129.06,8040982
2024-01-15,2317,128.62,130.26,126.92,129.75,8430219
2024-01-16,2317,129.62,131.5,128.71,129.88,9533889
2024-01-17,2317,130.19,130.23,128.54,129.58,8284335
2024-01-18,2317,130.37,130.54,128.11,128.64,8556745
2024-01-19,2317,127.98,129.52,126.49,128.62,8093163
2024-01-22,2317,127.92,128.95,126.68,127.76,10721902
2024-01-23,2317,127.27,132.09,125.77,131.52,6909405
2024-01-24,2317,130.71,131.3,129.83,131.17,8370630
2024-01-25,2317,130.4,131.26,129.65,130.62,6543693
2024-01-26,2317,130.11,131.6,128.71,129.8,7640477
2024-01-29,2317,130.44,134.4,128.91,132.6,9816072
2024-01-30,2317,132.44,133.01,128.72,130.03,9926964
2024-01-31,2317,130.04,131.32,129.19,130.62,8898274
2024-02-01,2317,130.12,130.62,129.94,130.28,11607892
2024-02-02,2317,130.61,131.72,120.41,121.53,42633101
2024-02-05,2317,122.44,123.92,120.33,120.36,9488442
2024-02-06,2317,119.94,122.18,119.2,120.85,10110943
2024-02-07,2317,121.69,122.4,118.97,119.63,8959245
2024-02-08,2317,119.8,120.35,119.76,120.03,10937257
2024-02-09,2317,120.04,123.29,119.14,122.55,7918278
2024-02-12,2317,122.75,130.23,120.95,128.75,47677363
2024-02-13,2317,128.95,129.51,125.93,126.53,12152576
2024-02-14,2317,127.47,127.63,124.14,125.28,8004405
2024-02-15,2317,125.54,126.11,122.95,124.88,8643254
2024-02-16,2317,125.15,125.76,123.21,124.38,10774413
2024-02-19,2317,124.17,124.8,123.75,124.64,9417316
2024-02-20,2317,125.06,126.01,124.19,125.14,11057232
2024-02-21,2317,124.66,128.79,123.67,127.77,9407616
2024-02-22,2317,127.83,129.54,126.3,127.8,13215124
2024-02-23,2317,129.27,129.36,124.69,126.06,10060387
2024-02-26,2317,124.8,128.98,124.16,127.84,15526590
2024-02-27,2317,127.96,131.09,127.63,129.81,11185397
2024-02-28,2317,129.95,131.25,129.21,130.2,7861985
2024-02-29,2317,130.08,130.34,129.6,129.85,14568164
2024-03-01,2317,129.74,131.08,128.6,130.85,12169154
2024-03-04,2317,130.9,131.74,130.15,130.55,10665147
2024-03-05,2317,130.42,131.25,126.6,127.37,11155189
2024-03-06,2317,127.48,128.74,126.98,128.26,7988377
2024-03-07,2317,128.01,131.11,127.75,129.66,7122713
2024-03-08,2317,130.71,132.52,129.91,131.94,9739446
2024-03-11,2317,131.81,132.01,129.85,130.81,12516787
2024-03-12,2317,131.11,131.87,130.57,131.2,10432139
2024-03-13,2317,130.85,132.67,129.35,131.63,13140185
2024-03-14,2317,132.12,133.09,130.97,131.79,12180104
2024-03-15,2317,132.18,133.15,131.68,132.01,9576044
2024-03-18,2317,132.23,133.81,131.9,132.1,11726205
2024-03-19,2317,131.56,132.67,130.88,132.47,12374643
2024-03-20,2317,132.07,134.25,130.69,133.68,9203966
2024-03-21,2317,134.58,137.32,134.22,135.67,8915051
2024-03-22,2317,135.26,135.51,133.34,134.47,9424764
2024-03-25,2317,134.82,135.6,133.37,134.23,5902989
2024-03-26,2317,133.72,135.18,131.71,133.58,9500515
2024-03-27,2317,134.12,135.58,131.7,132.71,10191530
2024-03-28,2317,132.34,133.49,129.75,130.17,9103562
2024-03-29,2317,129.67,131.38,128.51,130.24,9348908
2024-04-01,2317,129.87,131.26,128.69,131.02,8634536
2024-04-02,2317,130.73,132.31,130.15,130.81,6015552
2024-04-03,2317,131.02,131.18,130.65,130.83,11509363
2024-04-04,2317,130.86,131.71,129.8,131.52,7906300
2024-04-05,2317,130.94,134.79,130.12,133.78,7482511
2024-04-08,2317,133.76,134.3,133.13,133.14,10570370
2024-04-09,2317,132.53,133.43,130.38,131.3,9772960
2024-04-10,2317,131.63,132.65,130.73,131.19,8520348
2024-04-11,2317,131.62,135.94,131.61,134.19,9222944
2024-04-12,2317,134.17,135.21,131.74,132.35,6457850
2024-04-15,2317,132.49,133.89,131.02,133.42,7758116
2024-04-16,2317,134.35,136.48,132.89,135.3,9841643
2024-04-17,2317,135.22,135.58,130.21,131.5,6835488
2024-04-18,2317,131.0,133.45,130.07,132.18,6391651
2024-04-19,2317,132.48,134.0,131.37,133.17,7688950
2024-04-22,2317,132.56,133.78,131.71,132.77,7654156
2024-04-23,2317,132.66,132.81,130.82,131.03,29305740
2024-04-24,2317,130.72,131.11,129.83,130.14,5768087
2024-04-25,2317,129.77,129.77,129.19,129.65,4636115
2024-04-26,2317,129.53,131.21,127.72,129.22,8596741
2024-04-29,2317,129.68,129.86,127.16,128.49,5952992
2024-04-30,2317,129.06,130.21,127.77,127.99,6441781
2024-05-01,2317,128.46,130.3,127.67,129.85,4825556
2024-05-02,2317,130.03,130.68,127.43,127.99,8549710
2024-05-03,2317,127.86,128.6,124.66,125.34,7540458
2024-05-06,2317,124.15,128.78,123.68,127.18,7456698
2024-05-07,2317,127.37,128.43,125.45,126.92,7422985
2024-05-08,2317,125.76,127.31,125.02,126.36,4837773
2024-05-09,2317,125.39,127.64,124.53,126.22,5858739
2024-05-10,2317,126.14,127.01,125.27,126.57,6440463
2024-05-13,2317,126.71,128.01,125.57,125.81,6101031
2024-05-14,2317,125.58,127.82,124.77,126.6,6648269
2024-05-15,2317,127.38,128.6,123.89,125.17,7302512
2024-05-16,2317,125.41,126.08,123.27,124.75,8384699
2024-05-17,2317,124.63,125.16,121.3,121.47,5369993
2024-05-20,2317,122.14,123.52,122.13,123.21,7017050
2024-05-21,2317,123.98,124.32,122.21,122.98,8015073
2024-05-22,2317,123.23,124.29,121.94,124.0,5994546
2024-05-23,2317,123.61,125.67,122.69,124.74,6869017
2024-05-24,2317,124.46,126.23,123.38,125.59,7774434
2024-05-27,2317,124.86,126.58,124.79,125.61,7203515
2024-05-28,2317,125.59,127.23,125.12,126.23,8167231
2024-05-29,2317,125.7,125.92,124.46,124.8,7407896
2024-05-30,2317,124.64,124.84,122.41,123.08,6934887
2024-05-31,2317,123.21,123.83,122.63,122.96,5984973
2024-06-03,2317,121.99,122.34,120.6,121.99,7790274
2024-06-04,2317,121.37,124.41,119.89,124.11,7650712
2024-06-05,2317,123.85,126.29,123.04,124.7,6339806
2024-06-06,2317,124.67,124.69,123.65,123.66,8494193
2024-06-07,2317,123.41,125.15,122.36,123.28,9700307
2024-06-10,2317,123.15,124.39,121.5,123.51,6921696
2024-06-11,2317,123.16,124.67,122.19,123.44,6904969
2024-06-12,2317,122.73,125.05,121.41,123.87,6927930
2024-06-13,2317,123.61,125.06,123.11,124.01,5935558
2024-06-14,2317,123.9,125.47,121.66,121.97,11635072
2024-06-17,2317,121.82,122.02,118.17,118.85,7557689
2024-06-18,2317,118.9,119.54,118.15,118.35,7092286
2024-06-19,2317,118.55,119.48,116.76,119.17,6826823
2024-06-20,2317,119.5,119.59,117.91,118.69,7877002
2024-06-21,2317,118.38,120.88,117.26,120.48,7528300
2024-06-24,2317,119.72,122.06,119.22,120.44,11162718
2024-06-25,2317,121.05,123.08,121.03,122.43,6949978
2024-06-26,2317,122.62,125.88,121.18,124.15,6660530
2024-06-27,2317,123.68,127.55,123.49,125.75,9795212
2024-06-28,2317,125.89,128.15,123.05,123.97,8780222
2024-07-01,2317,124.5,126.19,123.06,124.02,8676872
2024-07-02,2317,124.88,127.82,124.09,125.87,10077064
2024-07-03,2317,126.0,127.24,125.64,126.32,9417742
2024-07-04,2317,126.85,128.07,126.17,127.19,9186397
2024-07-05,2317,126.57,127.48,124.83,125.1,7249874
2024-07-08,2317,125.08,128.78,123.93,128.01,6967533
2024-07-09,2317,127.84,128.68,125.78,126.83,8352926
2024-07-10,2317,127.0,128.15,123.09,123.83,7848416
2024-07-11,2317,124.62,125.14,122.88,123.33,10078322
2024-07-12,2317,123.46,123.52,118.02,119.74,6988072
2024-07-15,2317,119.29,120.18,118.12,118.21,8963203
2024-07-16,2317,117.62,122.27,117.6,121.87,9465890
2024-07-17,2317,122.68,123.12,120.66,121.35,9742729
2024-07-18,2317,121.6,122.26,118.71,119.3,10589404
2024-07-19,2317,119.51,120.05,118.12,119.36,9329733
2024-07-22,2317,119.2,120.45,117.09,118.11,8805123
2024-07-23,2317,118.24,120.0,117.51,119.36,12460162
2024-07-24,2317,118.89,120.16,117.17,118.12,9426414
2024-07-25,2317,118.3,119.34,117.36,118.53,12918962
2024-07-26,2317,117.98,118.64,115.25,116.93,9453609
2024-07-29,2317,116.76,121.41,115.94,120.61,10006057
2024-07-30,2317,120.3,121.47,119.9,121.37,9795032
2024-07-31,2317,119.78,122.08,118.97,121.18,10472256
2024-08-01,2317,121.02,122.15,120.25,120.79,9312216
2024-08-02,2317,120.35,121.55,119.31,120.02,10211588
2024-08-05,2317,119.92,119.99,117.72,118.95,13205262
2024-08-06,2317,118.95,118.96,116.86,117.85,12088382
2024-08-07,2317,118.69,120.72,117.83,120.26,12078203
2024-08-08,2317,120.4,121.79,118.46,119.49,7824650
2024-08-09,2317,119.65,120.47,115.25,116.47,8031773
2024-08-12,2317,116.7,117.04,113.52,114.87,10294101
2024-08-13,2317,115.27,116.2,114.37,116.17,11327259
2024-08-14,2317,116.38,116.76,115.3,115.85,8941469
2024-08-15,2317,115.98,116.33,115.32,115.69,8617657
2024-08-16,2317,116.02,118.49,114.87,117.35,12491927
2024-08-19,2317,116.21,117.45,115.27,116.28,10935875
2024-08-20,2317,117.25,117.46,116.42,117.19,11623476
2024-08-21,2317,117.94,119.0,115.91,116.28,8817484
2024-08-22,2317,116.38,118.12,115.24,117.12,8635008
2024-08-23,2317,116.45,116.74,115.88,116.6,11168483
2024-08-26,2317,117.16,117.82,115.6,116.29,8913107
2024-08-27,2317,115.96,118.33,115.29,117.46,8306549
2024-08-28,2317,117.71,119.33,116.79,118.54,7802872
2024-08-29,2317,117.94,118.44,117.77,118.34,8317859
2024-08-30,2317,119.39,120.17,116.73,117.7,10582959
2024-09-02,2317,117.02,121.01,116.65,119.99,6827948
2024-09-03,2317,120.02,122.35,119.63,120.86,9942224
2024-09-04,2317,119.84,120.73,118.7,120.33,7742045
2024-09-05,2317,120.31,120.77,119.17,119.41,8387024
2024-09-06,2317,119.21,121.54,118.07,120.91,8401804
2024-09-09,2317,121.46,122.33,120.34,121.11,8208172
2024-09-10,2317,120.9,121.68,120.83,120.9,8029849
2024-09-11,2317,121.45,122.48,119.71,121.1,7727372
2024-09-12,2317,120.6,121.8,119.73,121.62,7476393
2024-09-13,2317,121.48,122.49,120.56,121.57,10402037
2024-09-16,2317,121.44,123.73,120.22,123.36,8156379
2024-09-17,2317,123.6,125.93,122.12,125.25,7857879
2024-09-18,2317,125.44,127.7,124.58,126.08,7086042
2024-09-19,2317,126.45,128.24,125.37,128.19,7321589
2024-09-20,2317,128.33,128.96,127.28,128.24,6952427
2024-09-23,2317,128.58,129.45,127.98,129.33,8870183
2024-09-24,2317,128.87,131.79,128.82,130.92,6685500
2024-09-25,2317,131.13,133.91,130.23,132.56,5064119
2024-09-26,2317,133.41,134.94,131.87,134.05,7600485
2024-09-27,2317,133.15,135.84,132.04,135.1,7092025
2024-09-30,2317,135.36,139.87,135.13,138.3,6657421
2024-10-01,2317,138.68,139.69,136.01,137.44,8650092
2024-10-02,2317,138.25,139.53,136.57,137.22,4455810
2024-10-03,2317,137.62,138.84,136.58,136.9,9613691
2024-10-04,2317,136.96,137.71,134.96,136.33,8697438
2024-10-07,2317,136.57,137.34,132.82,133.11,6387794
2024-10-08,2317,132.72,135.57,130.98,135.34,6560760
2024-10-09,2317,135.13,135.49,132.29,133.71,7755703
2024-10-10,2317,132.99,135.61,132.32,134.01,7762103
2024-10-11,2317,134.81,135.42,130.73,131.76,6272378
2024-10-14,2317,132.0,134.58,129.93,132.78,5240913
2024-10-15,2317,132.29,132.34,130.24,131.56,10235852
2024-10-16,2317,131.7,131.92,128.89,129.8,8298841
2024-10-17,2317,130.4,131.58,127.85,130.13,7181452
2024-10-18,2317,130.65,131.25,128.23,129.07,7205457
2024-10-21,2317,128.59,129.52,127.15,128.21,7811869
2024-10-22,2317,126.61,129.22,126.32,128.51,7992315
2024-10-23,2317,128.71,130.48,128.62,129.78,4813826
2024-10-24,2317,129.31,129.93,127.91,128.53,6596162
2024-10-25,2317,128.85,129.72,126.25,127.04,6494960
2024-10-28,2317,127.52,128.61,126.17,127.1,6873796
2024-10-29,2317,127.67,129.55,127.63,127.96,8166213
2024-10-30,2317,128.85,130.91,127.74,130.24,5176465
2024-10-31,2317,130.88,131.46,128.25,128.59,5635738
2024-11-01,2317,129.49,130.0,124.01,125.07,22380609
2024-11-04,2317,125.76,128.37,124.53,126.86,7482799
2024-11-05,2317,127.61,131.04,127.04,129.9,8514427
2024-11-06,2317,129.88,130.09,128.11,128.38,9906745
2024-11-07,2317,127.72,127.95,125.73,127.28,7071283
2024-11-08,2317,128.54,128.89,126.68,127.89,8718573
2024-11-11,2317,127.92,128.81,126.2,127.04,8606531
2024-11-12,2317,127.66,128.41,124.42,125.91,8425136
2024-11-13,2317,125.63,127.33,124.84,126.31,7680181
2024-11-14,2317,126.8,129.37,126.35,128.69,7247261
2024-11-15,2317,127.43,128.91,126.45,126.7,6491463
2024-11-18,2317,126.49,128.87,125.79,127.71,22673919
2024-11-19,2317,127.66,128.47,125.71,126.86,8538762
2024-11-20,2317,127.1,128.77,125.63,127.42,8023989
2024-11-21,2317,127.97,129.96,127.19,129.89,7595717
2024-11-22,2317,129.32,131.16,127.91,130.43,9320403
2024-11-25,2317,130.77,131.63,129.32,129.99,8057509
2024-11-26,2317,130.63,132.25,130.26,131.15,7159419
2024-11-27,2317,132.38,132.49,130.8,130.91,8124350
2024-11-28,2317,131.28,132.41,130.75,131.76,9978967
2024-11-29,2317,131.52,132.52,131.35,131.47,7230680
2024-12-02,2317,130.8,133.91,128.96,132.86,9114587
2024-12-03,2317,133.83,135.27,129.66,130.67,8773065
2024-12-04,2317,131.05,132.24,128.39,129.11,7798761
2024-12-05,2317,129.1,129.84,125.33,126.96,8560198
2024-12-06,2317,126.14,128.01,126.04,126.91,6860539
2024-12-09,2317,126.43,127.09,123.93,124.61,9364367
2024-12-10,2317,124.92,125.75,121.88,123.61,7240700
2024-12-11,2317,123.78,124.92,121.33,121.99,11316811
2024-12-12,2317,121.04,124.91,119.13,124.19,9246514
2024-12-13,2317,124.51,125.43,121.62,122.75,8542727
2024-12-16,2317,121.98,123.18,119.52,120.88,11748807
2024-12-17,2317,121.54,122.61,119.9,121.27,7969229
2024-12-18,2317,121.37,125.11,120.64,123.76,8438627
2024-12-19,2317,123.53,125.51,123.03,123.62,6985389
2024-12-20,2317,124.11,125.2,122.9,123.59,12355095
2024-12-23,2317,123.76,126.06,123.51,125.53,13740195
2024-12-24,2317,126.2,127.91,125.48,126.89,7289143
2024-12-25,2317,126.93,128.57,126.17,127.57,8540164
2024-12-26,2317,127.64,128.72,125.09,126.71,10051560
2024-12-27,2317,126.56,128.96,125.5,127.43,9074138
2024-12-30,2317,127.57,127.66,123.45,125.38,9926946
2024-12-31,2317,126.24,127.76,124.15,124.48,9795254
2025-01-01,2317,124.23,128.34,124.09,126.65,10784792
2025-01-02,2317,126.97,129.72,126.39,128.66,8440564
2025-01-03,2317,128.2,130.45,126.67,129.36,10396592
2025-01-06,2317,128.3,128.94,125.7,126.4,8216978
2025-01-07,2317,126.51,127.27,124.58,124.6,9326002
2025-01-08,2317,124.79,125.88,123.0,123.62,7342582
2025-01-09,2317,123.56,124.62,123.24,123.39,9322051
2025-01-10,2317,122.65,123.74,121.52,121.57,9029858
2025-01-13,2317,121.72,122.76,119.55,121.24,11839445
2025-01-14,2317,121.37,125.03,120.81,123.84,9859421
2025-01-15,2317,123.4,125.61,122.58,124.47,10157267
2025-01-16,2317,123.8,125.07,123.1,124.83,9862010
2025-01-17,2317,124.7,125.87,122.72,123.34,6723698
2025-01-20,2317,123.66,125.32,120.62,120.94,6856074
2025-01-21,2317,121.14,121.86,118.62,119.19,9230370
2025-01-22,2317,118.77,120.19,115.96,116.82,10225196
2025-01-23,2317,116.88,117.22,115.52,116.95,9270878
2025-01-24,2317,117.37,118.21,116.22,117.52,8228964
2025-01-27,2317,116.97,117.37,116.06,116.19,9148410
2025-01-28,2317,116.22,117.76,115.06,116.42,8946193
2025-01-29,2317,117.05,119.99,116.12,118.5,10839815
2025-01-30,2317,117.9,122.0,117.49,121.32,10651495
2025-01-31,2317,121.88,123.78,121.06,122.47,8399387
2025-02-03,2317,123.26,124.82,121.23,122.24,9121969
2025-02-04,2317,122.13,124.08,121.38,123.36,9592551
2025-02-05,2317,123.19,126.21,122.21,125.39,9767155
2025-02-06,2317,125.91,127.03,122.09,122.4,12074732
2025-02-07,2317,122.31,124.93,120.6,124.61,8841002
2025-02-10,2317,123.43,124.62,123.22,123.82,10863891
2025-02-11,2317,123.77,125.58,122.04,123.06,7075707
2025-02-12,2317,123.29,123.78,121.65,122.57,7697894
2025-02-13,2317,122.93,124.23,121.88,123.07,5820496
2025-02-14,2317,122.63,123.63,121.07,121.46,8697736
2025-02-17,2317,121.33,121.97,119.78,121.07,9414891
2025-02-18,2317,121.55,122.71,120.87,121.87,5236360
2025-02-19,2317,121.84,123.81,121.68,122.22,8493688
2025-02-20,2317,121.47,123.81,121.27,122.81,9061511
2025-02-21,2317,123.41,124.5,121.56,122.36,8878838
2025-02-24,2317,122.25,124.94,122.21,123.41,6422969
2025-02-25,2317,123.95,125.61,122.31,125.0,9064604
2025-02-26,2317,124.3,126.76,123.04,126.53,7823393
2025-02-27,2317,126.47,128.87,124.78,127.21,8604130
2025-02-28,2317,127.47,129.52,125.83,128.67,7491981
2025-03-03,2317,128.63,131.3,128.04,130.05,8133270
2025-03-04,2317,129.44,134.66,129.11,134.26,9190960
2025-03-05,2317,132.98,137.29,132.35,136.26,7194701
2025-03-06,2317,137.09,137.31,135.55,136.15,7791886
2025-03-07,2317,136.28,137.13,132.93,134.69,9199761
2025-03-10,2317,135.32,135.78,133.94,134.3,7120274
2025-03-11,2317,134.8,135.14,133.11,133.8,5915235
2025-03-12,2317,134.12,135.3,133.61,134.66,8129200
2025-03-13,2317,134.48,134.91,132.56,133.56,9265075
2025-03-14,2317,133.82,135.69,132.33,135.5,8977386
2025-03-17,2317,136.28,137.52,133.26,133.28,8058754
2025-03-18,2317,133.32,134.31,130.62,130.7,4627647
2025-03-19,2317,131.69,131.92,128.96,130.52,6272064
2025-03-20,2317,129.74,130.8,128.08,129.23,6312460
2025-03-21,2317,128.4,128.72,126.68,127.31,7054613
2025-03-24,2317,127.82,128.95,124.75,126.37,9468872
2025-03-25,2317,125.96,126.66,125.18,125.25,5747778
2025-03-26,2317,126.27,126.87,124.08,125.3,10451782
2025-03-27,2317,125.97,126.68,123.68,124.39,6520162
2025-03-28,2317,125.18,127.22,122.58,123.62,6091490
2025-03-31,2317,124.06,124.43,123.21,123.64,8157652
2025-04-01,2317,123.19,126.04,122.58,125.18,8295701
2025-04-02,2317,124.35,128.58,123.24,127.42,7921194
2025-04-03,2317,128.18,128.46,126.94,127.68,6158715
2025-04-04,2317,126.91,128.1,125.51,128.06,7776952
2025-04-07,2317,128.87,129.33,126.41,127.81,5928537
2025-04-08,2317,128.15,129.74,127.87,128.58,6220790
2025-04-09,2317,128.54,129.81,127.34,129.21,7102493
2025-04-10,2317,129.44,131.96,129.18,131.3,6274915
2025-04-11,2317,131.54,132.81,127.56,128.36,8853012
2025-04-14,2317,128.25,128.61,126.92,128.03,6650881
2025-04-15,2317,128.76,129.48,128.24,128.58,7149962
2025-04-16,2317,129.3,129.3,127.4,128.57,6402585
2025-04-17,2317,128.65,129.59,126.65,127.15,9121177
2025-04-18,2317,126.85,127.73,124.74,125.2,6772873
2025-04-21,2317,125.86,127.61,124.75,126.45,9465563
2025-04-22,2317,125.42,125.6,125.0,125.33,9430423
2025-04-23,2317,125.55,126.21,122.42,122.72,7250256
2025-04-24,2317,123.08,124.12,121.83,124.01,7976595
2025-04-25,2317,123.6,125.35,122.81,124.73,7358791
2025-04-28,2317,125.21,126.71,124.56,124.59,8930538
2025-04-29,2317,124.57,125.16,122.09,123.25,7896204
2025-04-30,2317,122.98,123.18,122.44,123.11,7663007
2025-05-01,2317,123.59,125.35,123.54,124.94,8415019
2025-05-02,2317,124.4,124.45,122.06,122.55,6340902
2025-05-05,2317,122.98,123.08,119.12,120.28,8399818
2025-05-06,2317,119.33,120.44,119.02,119.4,9667165
2025-05-07,2317,119.54,119.57,119.27,119.4,8903710
2025-05-08,2317,119.42,120.28,117.7,118.71,10407990
2025-05-09,2317,118.46,120.39,117.37,119.66,8271679
2025-05-12,2317,119.85,121.72,119.5,121.25,8226396
2025-05-13,2317,121.21,122.53,120.04,121.69,7373869
2025-05-14,2317,122.2,122.81,120.46,122.54,8455471
2025-05-15,2317,122.81,124.12,121.41,122.97,13068747
2025-05-16,2317,123.19,123.59,121.69,123.01,9719980
2025-05-19,2317,123.16,123.71,120.26,121.13,8390510
2025-05-20,2317,120.91,121.39,119.16,119.67,7837940
2025-05-21,2317,119.53,120.57,117.08,117.76,7096385
2025-05-22,2317,117.88,118.84,116.67,117.58,8204889
2025-05-23,2317,117.5,118.47,117.38,117.94,10994141
2025-05-26,2317,118.46,119.29,115.58,115.92,8934875
2025-05-27,2317,115.96,116.16,115.93,116.05,8166814
2025-05-28,2317,116.22,116.76,114.06,114.86,8374484
2025-05-29,2317,114.21,114.85,112.69,113.41,11019458
2025-05-30,2317,113.84,114.36,112.21,112.59,9704543
2025-06-02,2317,112.33,113.23,110.07,111.1,8831756
2025-06-03,2317,110.64,112.93,110.44,111.94,9387006
2025-06-04,2317,112.68,113.0,111.38,111.74,14805982
2025-06-05,2317,112.05,113.17,111.03,112.86,12430900
2025-06-06,2317,113.3,113.97,111.2,112.29,13029639
2025-06-09,2317,112.49,112.51,111.46,111.77,7310070
2025-06-10,2317,111.73,114.78,110.96,114.31,9764213
2025-06-11,2317,114.18,115.49,111.79,112.11,8941312
2025-06-12,2317,112.46,113.87,111.88,113.87,11078293
2025-06-13,2317,114.39,116.7,113.63,116.16,12155027
2025-06-16,2317,116.13,117.68,115.17,117.26,10645582
2025-06-17,2317,118.23,119.89,115.97,116.82,8570146
2025-06-18,2317,116.73,119.31,115.9,118.85,8889052
2025-06-19,2317,118.19,118.9,117.99,118.42,11173153
2025-06-20,2317,117.61,117.83,116.56,117.45,11347197
2025-06-23,2317,116.65,117.64,115.7,116.93,10194189
2025-06-24,2317,116.74,117.56,115.14,116.16,10139565
2025-06-25,2317,116.05,116.34,114.51,114.87,9957186
2025-06-26,2317,115.18,117.59,114.07,116.43,10313560
2025-06-27,2317,116.41,117.24,115.29,115.38,11125198
2025-06-30,2317,115.76,116.85,114.87,115.36,10898915
2025-07-01,2317,115.38,115.92,112.84,113.39,9717790
2025-07-02,2317,113.4,114.25,113.29,113.46,9534909
2025-07-03,2317,113.2,113.78,111.38,111.92,9409860
2025-07-04,2317,112.56,113.89,109.6,110.36,8250845
2025-07-07,2317,109.68,110.96,109.54,110.24,8174069
2025-07-08,2317,110.38,112.34,109.89,111.67,10321291
2025-07-09,2317,111.59,112.76,111.48,112.29,8168038
2025-07-10,2317,112.64,113.45,111.04,113.0,10665158
2025-07-11,2317,112.99,113.78,112.08,112.85,9050859
2025-07-14,2317,112.86,113.9,111.7,112.43,10495780
2025-07-15,2317,112.31,113.89,111.53,113.52,10066178
2025-07-16,2317,114.16,114.9,111.83,112.78,10351150
2025-07-17,2317,112.79,114.71,111.67,113.94,8086920
2025-07-18,2317,114.84,116.52,114.81,115.66,9393569
2025-07-21,2317,115.79,115.88,113.23,114.52,9870040
2025-07-22,2317,114.53,114.79,112.35,113.6,6472507
2025-07-23,2317,113.53,113.59,107.68,108.3,40280743
2025-07-24,2317,108.55,109.21,105.83,106.42,12611318
2025-07-25,2317,106.17,106.43,105.17,105.85,9846307
2025-07-28,2317,105.91,107.96,105.8,107.53,9501785
2025-07-29,2317,107.53,107.66,105.35,106.21,9045266
2025-07-30,2317,106.35,108.4,105.2,107.92,7598350
2025-07-31,2317,108.07,108.24,106.43,107.39,7816813
2025-08-01,2317,107.56,111.13,106.95,110.14,9391153
2025-08-04,2317,110.18,111.05,107.77,109.27,6561427
2025-08-05,2317,109.95,110.68,108.01,109.1,6397137
2025-08-06,2317,109.29,109.81,107.46,107.94,7141119
2025-08-07,2317,109.06,109.3,105.5,107.08,8553807
2025-08-08,2317,107.1,109.28,106.92,108.82,6446478
2025-08-11,2317,109.24,109.79,109.23,109.47,7172861
2025-08-12,2317,109.15,111.62,108.68,110.85,7268256
2025-08-13,2317,111.47,112.41,108.8,109.13,6127679
2025-08-14,2317,108.82,110.81,108.32,110.01,4704216
2025-08-15,2317,110.21,111.43,107.76,108.76,6025336
2025-08-18,2317,108.64,109.05,106.41,107.04,7548339
2025-08-19,2317,107.23,107.75,106.59,107.37,7814809
2025-08-20,2317,107.27,108.79,106.6,107.69,7784999
2025-08-21,2317,107.35,108.51,107.0,107.79,7910668
2025-08-22,2317,107.67,109.29,107.66,108.74,6306712
2025-08-25,2317,109.41,111.38,108.93,109.91,6046943
2025-08-26,2317,110.12,112.81,109.83,111.88,7504540
2025-08-27,2317,111.3,111.88,109.75,110.31,6737376
2025-08-28,2317,110.79,112.69,109.5,112.32,8227738
2025-08-29,2317,111.92,116.19,111.28,114.89,7478314
2025-09-01,2317,115.23,116.02,114.33,114.41,8795561
2025-09-02,2317,114.66,115.36,111.83,112.15,6422705
2025-09-03,2317,112.43,113.4,108.9,110.31,8473496
2025-09-04,2317,111.13,112.19,108.4,109.73,10103164
2025-09-05,2317,109.37,113.33,108.45,112.41,7090531
2025-09-08,2317,112.69,113.76,112.43,112.46,7706687
2025-09-09,2317,113.03,113.91,107.59,108.37,20931164
2025-09-10,2317,108.1,108.98,106.7,107.51,8341743
2025-09-11,2317,107.19,107.52,105.18,105.83,8745460
2025-09-12,2317,105.71,108.38,105.32,106.97,6565522
2025-09-15,2317,107.11,107.22,106.39,106.88,8023803
2025-09-16,2317,106.27,110.39,105.91,109.6,7644386
2025-09-17,2317,109.84,110.52,109.68,110.45,7852973
2025-09-18,2317,109.83,112.2,108.57,111.58,8535456
2025-09-19,2317,112.15,112.57,110.22,111.28,8161256
2025-09-22,2317,111.51,112.24,109.32,109.85,7310352
2025-09-23,2317,110.69,111.51,107.92,108.73,8784268
2025-09-24,2317,109.02,109.26,106.16,106.97,9319173
2025-09-25,2317,106.84,108.8,105.2,108.16,6968710
2025-09-26,2317,107.82,109.07,106.67,107.69,7770580
2025-09-29,2317,107.79,109.03,106.79,108.95,5708688
2025-09-30,2317,108.94,109.44,108.27,109.15,8804410
2025-10-01,2317,109.67,110.71,108.33,108.8,9977647
2025-10-02,2317,108.39,109.08,106.06,107.3,7721039
2025-10-03,2317,108.17,108.88,106.79,107.71,8368017
2025-10-06,2317,108.26,109.35,107.17,107.46,7932167
2025-10-07,2317,107.37,108.95,106.53,108.65,7780474
2025-10-08,2317,109.43,109.86,106.73,107.74,8781339
2025-10-09,2317,107.4,108.94,107.15,108.57,7387028
2025-10-10,2317,108.66,111.24,108.4,110.73,8235817
2025-10-13,2317,110.17,112.38,109.34,111.12,7373189
2025-10-14,2317,111.94,112.29,111.75,112.2,9741323
2025-10-15,2317,111.46,113.13,111.34,112.99,9234074
2025-10-16,2317,112.34,115.66,111.79,115.6,8260665
2025-10-17,2317,115.3,117.49,114.38,116.14,9069027
2025-10-20,2317,116.75,117.56,115.8,117.14,8734438
2025-10-21,2317,117.59,118.14,115.68,117.12,11262153
2025-10-22,2317,117.18,117.23,115.33,116.06,8537059
2025-10-23,2317,116.54,117.11,113.89,114.41,10444232
2025-10-24,2317,114.36,117.28,114.27,116.18,8268234
2025-10-27,2317,116.37,117.19,114.29,114.8,10948417
2025-10-28,2317,115.56,116.5,114.54,115.86,11476054
2025-10-29,2317,115.74,116.49,114.7,116.46,11649954
2025-10-30,2317,116.11,118.33,115.29,117.78,12566475
2025-10-31,2317,118.0,118.78,116.12,117.08,10223109
2025-11-03,2317,117.42,117.66,114.71,116.0,12184859
2025-11-04,2317,116.05,117.56,115.32,116.55,13126733
2025-11-05,2317,117.02,118.14,114.84,116.17,8043276
2025-11-06,2317,116.08,116.53,114.13,114.49,8866631
2025-11-07,2317,114.54,118.22,113.89,117.18,7578239
2025-11-10,2317,117.35,118.01,115.62,116.09,12045522
2025-11-11,2317,116.23,117.46,113.69,114.74,7605537
2025-11-12,2317,115.48,117.11,114.21,114.43,7259468
2025-11-13,2317,114.6,116.37,114.06,116.18,8223124
2025-11-14,2317,116.04,117.1,113.03,113.19,7336934
2025-11-17,2317,113.43,116.1,112.48,114.81,10545228
2025-11-18,2317,115.27,115.52,112.33,113.58,8263639
2025-11-19,2317,113.93,114.39,112.83,113.97,7409470
2025-11-20,2317,114.3,114.72,112.03,113.07,9963507
2025-11-21,2317,112.4,116.44,111.34,115.81,10059659
2025-11-24,2317,114.65,116.54,113.64,116.01,7152135
2025-11-25,2317,116.6,117.21,114.08,115.05,8789511
2025-11-26,2317,115.25,116.33,113.66,114.66,9837303
2025-11-27,2317,114.65,115.0,114.27,114.82,9323346
2025-11-28,2317,115.13,115.38,114.49,115.09,9338288
2025-12-01,2317,115.98,116.98,115.0,115.72,12206083
2025-12-02,2317,116.38,117.33,115.21,115.75,14466463
2025-12-03,2317,116.2,116.4,113.84,113.87,9248122
2025-12-04,2317,113.46,114.4,113.31,113.43,7673786
2025-12-05,2317,113.09,115.58,112.3,114.28,9281686
2025-12-08,2317,113.19,114.05,112.1,113.39,9967755
2025-12-09,2317,113.68,114.56,113.0,114.34,9473642
2025-12-10,2317,114.85,115.94,112.46,114.41,10605446
2025-12-11,2317,114.96,116.44,113.88,114.14,14049106
2025-12-12,2317,114.45,116.09,113.56,115.8,6880365
2025-12-15,2317,115.73,116.45,112.15,113.42,8482792
2025-12-16,2317,113.16,114.33,111.37,112.53,12166412
2025-12-17,2317,112.16,114.96,111.19,114.22,8322485
2025-12-18,2317,114.14,116.87,112.97,116.76,10447986
2025-12-19,2317,116.3,120.92,115.58,119.99,10064049
2025-12-22,2317,120.83,121.08,118.57,120.09,11121831
2025-12-23,2317,119.47,120.89,118.14,120.78,12444971
2025-12-24,2317,120.69,122.11,120.37,122.0,9274937
2025-12-25,2317,121.05,125.23,120.17,123.89,6317916
2025-12-26,2317,124.04,124.72,124.02,124.39,7551123
2025-12-29,2317,124.39,126.73,122.88,125.8,12569490
2025-12-30,2317,125.62,127.58,124.76,126.53,6508779
2025-12-31,2317,126.06,128.2,124.62,127.35,9088394
